,ডিসেম্বর,Sunrise,Sunset,Length,Diff.,Start,End,Start,End,Start,End,Time,Mil. km
0,1,06:40 ↑,17:22 ↑,10:42:12,+0:19,05:20,18:43,05:47,18:15,06:15,17:47,12:01,"147,104"
1,2,06:40 ↑,17:23 ↑,10:42:32,+0:20,05:20,18:43,05:48,18:16,06:16,17:48,12:02,"147,102"
2,3,06:41 ↑,17:24 ↑,10:42:55,+0:22,05:20,18:44,05:48,18:16,06:16,17:48,12:02,"147,100"
3,4,06:41 ↑,17:24 ↑,10:43:20,+0:24,05:21,18:45,05:48,18:17,06:16,17:49,12:03,"147,099"
4,5,06:41 ↑,17:25 ↑,10:43:46,+0:26,05:21,18:45,05:49,18:18,06:17,17:50,12:03,"147,099"
5,6,06:41 ↑,17:26 ↑,10:44:14,+0:28,05:21,18:46,05:49,18:18,06:17,17:50,12:03,"147,100"
6,7,06:42 ↑,17:26 ↑,10:44:44,+0:29,05:21,18:46,05:49,18:19,06:17,17:51,12:04,"147,102"
7,8,06:42 ↑,17:27 ↑,10:45:16,+0:31,05:22,18:47,05:49,18:19,06:17,17:51,12:04,"147,105"
8,9,06:42 ↑,17:28 ↑,10:45:49,+0:33,05:22,18:48,05:49,18:20,06:17,17:52,12:05,"147,109"
9,10,06:42 ↑,17:28 ↑,10:46:24,+0:35,05:22,18:48,05:50,18:21,06:18,17:53,12:05,"147,114"
10,11,06:42 ↑,17:29 ↑,10:47:01,+0:36,05:22,18:49,05:50,18:21,06:18,17:54,12:06,"147,119"
11,12,06:42 ↑,17:30 ↑,10:47:39,+0:38,05:22,18:50,05:50,18:22,06:18,17:54,12:06,"147,126"
12,13,06:42 ↑,17:31 ↑,10:48:19,+0:39,05:23,18:50,05:50,18:23,06:18,17:55,12:06,"147,133"
13,14,06:42 ↑,17:31 ↑,10:49:01,+0:41,05:23,18:51,05:50,18:23,06:18,17:56,12:07,"147,141"
14,15,06:42 ↑,17:32 ↑,10:49:44,+0:43,05:23,18:51,05:50,18:24,06:18,17:56,12:07,"147,150"
15,16,06:42 ↑,17:33 ↑,10:50:28,+0:44,05:23,18:52,05:50,18:25,06:18,17:57,12:07,"147,160"
16,17,06:42 ↑,17:33 ↑,10:51:15,+0:46,05:23,18:53,05:50,18:25,06:18,17:58,12:08,"147,171"
17,18,06:42 ↑,17:34 ↑,10:52:02,+0:47,05:23,18:53,05:50,18:26,06:18,17:58,12:08,"147,182"
18,19,06:42 ↑,17:35 ↑,10:52:51,+0:48,05:23,18:54,05:50,18:27,06:18,17:59,12:08,"147,193"
19,20,06:42 ↑,17:36 ↑,10:53:41,+0:50,05:23,18:55,05:50,18:27,06:18,18:00,12:09,"147,206"
20,21,06:42 ↑,17:36 ↑,10:54:33,+0:51,05:23,18:55,05:50,18:28,06:18,18:00,12:09,"147,218"
21,22,06:42 ↑,17:37 ↑,10:55:26,+0:53,05:23,18:56,05:50,18:29,06:18,18:01,12:09,"147,232"
22,23,06:41 ↑,17:38 ↑,10:56:21,+0:54,05:23,18:56,05:50,18:29,06:17,18:02,12:10,"147,245"
23,24,06:41 ↑,17:39 ↑,10:57:16,+0:55,05:23,18:57,05:50,18:30,06:17,18:02,12:10,"147,260"
24,25,06:41 ↑,17:39 ↑,10:58:13,+0:56,05:23,18:58,05:50,18:31,06:17,18:03,12:10,"147,274"
25,26,06:41 ↑,17:40 ↑,10:59:11,+0:57,05:22,18:58,05:50,18:31,06:17,18:04,12:10,"147,290"
26,27,06:40 ↑,17:41 ↑,11:00:10,+0:59,05:22,18:59,05:49,18:32,06:17,18:04,12:10,"147,306"
27,28,06:40 ↑,17:41 ↑,11:01:10,+1:00,05:22,18:59,05:49,18:32,06:16,18:05,12:11,"147,322"
28,29,06:40 ↑,17:42 ↑,11:02:11,+1:01,05:22,19:00,05:49,18:33,06:16,18:06,12:11,"147,339"
29,30,06:40 ↑,17:43 ↑,11:03:14,+1:02,05:22,19:01,05:49,18:34,06:16,18:06,12:11,"147,357"
30,31,06:39 ↑,17:43 ↑,11:04:17,+1:03,05:21,19:01,05:48,18:34,06:15,18:07,12:11,"147,376"
31,1,06:39 ↑,17:44 ↑,11:05:22,+1:04,05:21,19:02,05:48,18:35,06:15,18:08,12:11,"147,395"
32,2,06:38 ↑,17:45 ↑,11:06:27,+1:05,05:21,19:02,05:48,18:35,06:15,18:08,12:11,"147,416"
33,3,06:38 ↑,17:45 ↑,11:07:33,+1:06,05:21,19:03,05:47,18:36,06:14,18:09,12:12,"147,437"
34,4,06:37 ↑,17:46 ↑,11:08:40,+1:07,05:20,19:03,05:47,18:37,06:14,18:10,12:12,"147,458"
35,5,06:37 ↑,17:47 ↑,11:09:48,+1:07,05:20,19:04,05:47,18:37,06:14,18:10,12:12,"147,481"
36,6,06:36 ↑,17:47 ↑,11:10:57,+1:08,05:19,19:05,05:46,18:38,06:13,18:11,12:12,"147,505"
37,7,06:36 ↑,17:48 ↑,11:12:06,+1:09,05:19,19:05,05:46,18:38,06:13,18:11,12:12,"147,529"
38,8,06:35 ↑,17:49 ↑,11:13:17,+1:10,05:19,19:06,05:45,18:39,06:12,18:12,12:12,"147,554"
39,9,06:35 ↑,17:49 ↑,11:14:28,+1:11,05:18,19:06,05:45,18:40,06:12,18:13,12:12,"147,580"
40,10,06:34 ↑,17:50 ↑,11:15:40,+1:11,05:18,19:07,05:44,18:40,06:11,18:13,12:12,"147,606"
41,11,06:34 ↑,17:51 ↑,11:16:52,+1:12,05:17,19:07,05:44,18:41,06:10,18:14,12:12,"147,634"
42,12,06:33 ↑,17:51 ↑,11:18:05,+1:13,05:17,19:08,05:43,18:41,06:10,18:14,12:12,"147,662"
43,13,06:32 ↑,17:52 ↑,11:19:19,+1:13,05:16,19:08,05:43,18:42,06:09,18:15,12:12,"147,691"
44,14,06:32 ↑,17:52 ↑,11:20:33,+1:14,05:16,19:09,05:42,18:42,06:09,18:16,12:12,"147,720"
45,15,06:31 ↑,17:53 ↑,11:21:48,+1:14,05:15,19:09,05:41,18:43,06:08,18:16,12:12,"147,750"
46,16,06:31 ↑,17:54 ↑,11:23:04,+1:15,05:14,19:10,05:41,18:43,06:07,18:17,12:12,"147,780"
47,17,06:30 ↑,17:54 ↑,11:24:20,+1:16,05:14,19:10,05:40,18:44,06:07,18:17,12:12,"147,811"
48,18,06:29 ↑,17:55 ↑,11:25:37,+1:16,05:13,19:11,05:40,18:44,06:06,18:18,12:12,"147,842"
49,19,06:28 ↑,17:55 ↑,11:26:54,+1:17,05:13,19:11,05:39,18:45,06:05,18:18,12:12,"147,873"
50,20,06:28 ↑,17:56 ↑,11:28:11,+1:17,05:12,19:12,05:38,18:45,06:05,18:19,12:12,"147,905"
51,21,06:27 ↑,17:56 ↑,11:29:29,+1:17,05:11,19:12,05:38,18:46,06:04,18:19,12:11,"147,937"
52,22,06:26 ↑,17:57 ↑,11:30:48,+1:18,05:10,19:13,05:37,18:46,06:03,18:20,12:11,"147,969"
53,23,06:25 ↑,17:57 ↑,11:32:06,+1:18,05:10,19:13,05:36,18:47,06:02,18:20,12:11,"148,002"
54,24,06:25 ↑,17:58 ↑,11:33:26,+1:19,05:09,19:13,05:35,18:47,06:02,18:21,12:11,"148,035"
55,25,06:24 ↑,17:58 ↑,11:34:45,+1:19,05:08,19:14,05:35,18:48,06:01,18:21,12:11,"148,068"
56,26,06:23 ↑,17:59 ↑,11:36:05,+1:19,05:08,19:14,05:34,18:48,06:00,18:22,12:11,"148,101"
57,27,06:22 ↑,17:59 ↑,11:37:25,+1:20,05:07,19:15,05:33,18:49,05:59,18:22,12:11,"148,135"
58,28,06:21 ↑,18:00 ↑,11:38:46,+1:20,05:06,19:15,05:32,18:49,05:58,18:23,12:10,"148,170"
59,1,06:20 ↑,18:00 ↑,11:40:06,+1:20,05:05,19:16,05:31,18:50,05:58,18:23,12:10,"148,204"
60,2,06:19 ↑,18:01 ↑,11:41:27,+1:21,05:04,19:16,05:31,18:50,05:57,18:24,12:10,"148,240"
61,3,06:19 ↑,18:01 ↑,11:42:49,+1:21,05:03,19:17,05:30,18:50,05:56,18:24,12:10,"148,275"
62,4,06:18 ↑,18:02 ↑,11:44:10,+1:21,05:03,19:17,05:29,18:51,05:55,18:25,12:10,"148,312"
63,5,06:17 ↑,18:02 ↑,11:45:32,+1:21,05:02,19:17,05:28,18:51,05:54,18:25,12:09,"148,349"
64,6,06:16 ↑,18:03 ↑,11:46:54,+1:21,05:01,19:18,05:27,18:52,05:53,18:25,12:09,"148,386"
65,7,06:15 ↑,18:03 ↑,11:48:16,+1:22,05:00,19:18,05:26,18:52,05:52,18:26,12:09,"148,424"
66,8,06:14 ↑,18:04 ↑,11:49:38,+1:22,04:59,19:19,05:25,18:53,05:51,18:26,12:09,"148,462"
67,9,06:13 ↑,18:04 ↑,11:51:00,+1:22,04:58,19:19,05:24,18:53,05:51,18:27,12:08,"148,501"
68,10,06:12 ↑,18:05 ↑,11:52:23,+1:22,04:57,19:20,05:23,18:53,05:50,18:27,12:08,"148,541"
69,11,06:11 ↑,18:05 ↑,11:53:46,+1:22,04:56,19:20,05:22,18:54,05:49,18:28,12:08,"148,581"
70,12,06:10 ↑,18:05 ↑,11:55:08,+1:22,04:55,19:21,05:22,18:54,05:48,18:28,12:08,"148,621"
71,13,06:09 ↑,18:06 ↑,11:56:31,+1:22,04:54,19:21,05:21,18:55,05:47,18:28,12:07,"148,662"
72,14,06:08 ↑,18:06 ↑,11:57:54,+1:22,04:53,19:21,05:20,18:55,05:46,18:29,12:07,"148,703"
73,15,06:07 ↑,18:07 ↑,11:59:17,+1:23,04:52,19:22,05:19,18:56,05:45,18:29,12:07,"148,745"
74,16,06:06 ↑,18:07 ↑,12:00:40,+1:23,04:51,19:22,05:18,18:56,05:44,18:30,12:07,"148,786"
75,17,06:05 ↑,18:08 ↑,12:02:04,+1:23,04:50,19:23,05:17,18:56,05:43,18:30,12:06,"148,828"
76,18,06:04 ↑,18:08 ↑,12:03:27,+1:23,04:49,19:23,05:16,18:57,05:42,18:31,12:06,"148,870"
77,19,06:03 ↑,18:08 ↑,12:04:50,+1:23,04:48,19:24,05:15,18:57,05:41,18:31,12:06,"148,912"
78,20,06:03 ↑,18:09 ↑,12:06:13,+1:23,04:47,19:24,05:14,18:58,05:40,18:31,12:05,"148,954"
79,21,06:02 ↑,18:09 ↑,12:07:37,+1:23,04:46,19:24,05:13,18:58,05:39,18:32,12:05,"148,996"
80,22,06:01 ↑,18:10 ↑,12:09:00,+1:23,04:45,19:25,05:12,18:58,05:38,18:32,12:05,"149,038"
81,23,06:00 ↑,18:10 ↑,12:10:23,+1:23,04:44,19:25,05:11,18:59,05:37,18:33,12:05,"149,080"
82,24,05:59 ↑,18:10 ↑,12:11:46,+1:23,04:43,19:26,05:10,18:59,05:36,18:33,12:04,"149,122"
83,25,05:58 ↑,18:11 ↑,12:13:09,+1:23,04:42,19:26,05:09,19:00,05:35,18:33,12:04,"149,163"
84,26,05:57 ↑,18:11 ↑,12:14:32,+1:23,04:41,19:27,05:08,19:00,05:34,18:34,12:04,"149,205"
85,27,05:56 ↑,18:12 ↑,12:15:55,+1:22,04:40,19:27,05:07,19:01,05:33,18:34,12:03,"149,247"
86,28,05:55 ↑,18:12 ↑,12:17:18,+1:22,04:39,19:28,05:06,19:01,05:32,18:35,12:03,"149,288"
87,29,05:54 ↑,18:12 ↑,12:18:41,+1:22,04:38,19:28,05:05,19:01,05:31,18:35,12:03,"149,330"
88,30,05:53 ↑,18:13 ↑,12:20:04,+1:22,04:37,19:29,05:03,19:02,05:30,18:35,12:02,"149,372"
89,31,05:52 ↑,18:13 ↑,12:21:26,+1:22,04:36,19:29,05:02,19:02,05:29,18:36,12:02,"149,414"
90,1,05:51 ↑,18:13 ↑,12:22:48,+1:22,04:35,19:30,05:01,19:03,05:28,18:36,12:02,"149,456"
91,2,05:50 ↑,18:14 ↑,12:24:11,+1:22,04:34,19:30,05:00,19:03,05:27,18:37,12:02,"149,498"
92,3,05:49 ↑,18:14 ↑,12:25:33,+1:21,04:33,19:31,04:59,19:04,05:26,18:37,12:01,"149,541"
93,4,05:48 ↑,18:15 ↑,12:26:54,+1:21,04:31,19:31,04:58,19:04,05:25,18:37,12:01,"149,583"
94,5,05:47 ↑,18:15 ↑,12:28:16,+1:21,04:30,19:32,04:57,19:05,05:24,18:38,12:01,"149,626"
95,6,05:46 ↑,18:15 ↑,12:29:37,+1:21,04:29,19:32,04:56,19:05,05:23,18:38,12:00,"149,669"
96,7,05:45 ↑,18:16 ↑,12:30:59,+1:21,04:28,19:33,04:55,19:05,05:22,18:39,12:00,"149,712"
97,8,05:44 ↑,18:16 ↑,12:32:19,+1:20,04:27,19:33,04:54,19:06,05:21,18:39,12:00,"149,755"
98,9,05:43 ↑,18:17 ↑,12:33:40,+1:20,04:26,19:34,04:53,19:06,05:20,18:39,12:00,"149,798"
99,10,05:42 ↑,18:17 ↑,12:35:01,+1:20,04:25,19:34,04:52,19:07,05:19,18:40,11:59,"149,842"
100,11,05:41 ↑,18:17 ↑,12:36:21,+1:20,04:24,19:35,04:51,19:07,05:18,18:40,11:59,"149,885"
101,12,05:40 ↑,18:18 ↑,12:37:41,+1:19,04:23,19:35,04:50,19:08,05:17,18:41,11:59,"149,929"
102,13,05:39 ↑,18:18 ↑,12:39:00,+1:19,04:22,19:36,04:49,19:08,05:16,18:41,11:58,"149,972"
103,14,05:38 ↑,18:19 ↑,12:40:19,+1:19,04:21,19:36,04:48,19:09,05:15,18:42,11:58,"150,015"
104,15,05:37 ↑,18:19 ↑,12:41:38,+1:18,04:20,19:37,04:47,19:09,05:14,18:42,11:58,"150,059"
105,16,05:36 ↑,18:19 ↑,12:42:57,+1:18,04:19,19:37,04:46,19:10,05:13,18:43,11:58,"150,101"
106,17,05:36 ↑,18:20 ↑,12:44:15,+1:18,04:18,19:38,04:45,19:10,05:12,18:43,11:58,"150,144"
107,18,05:35 ↑,18:20 ↑,12:45:32,+1:17,04:17,19:39,04:44,19:11,05:12,18:43,11:57,"150,186"
108,19,05:34 ↑,18:21 ↑,12:46:50,+1:17,04:16,19:39,04:43,19:11,05:11,18:44,11:57,"150,228"
109,20,05:33 ↑,18:21 ↑,12:48:06,+1:16,04:15,19:40,04:42,19:12,05:10,18:44,11:57,"150,270"
110,21,05:32 ↑,18:22 ↑,12:49:23,+1:16,04:13,19:40,04:41,19:12,05:09,18:45,11:57,"150,311"
111,22,05:31 ↑,18:22 ↑,12:50:39,+1:15,04:12,19:41,04:41,19:13,05:08,18:45,11:56,"150,351"
112,23,05:30 ↑,18:22 ↑,12:51:54,+1:15,04:11,19:42,04:40,19:13,05:07,18:46,11:56,"150,391"
113,24,05:30 ↑,18:23 ↑,12:53:09,+1:14,04:11,19:42,04:39,19:14,05:06,18:46,11:56,"150,431"
114,25,05:29 ↑,18:23 ↑,12:54:23,+1:14,04:10,19:43,04:38,19:14,05:05,18:47,11:56,"150,471"
115,26,05:28 ↑,18:24 ↑,12:55:37,+1:13,04:09,19:43,04:37,19:15,05:05,18:47,11:56,"150,510"
116,27,05:27 ↑,18:24 ↑,12:56:50,+1:13,04:08,19:44,04:36,19:16,05:04,18:48,11:56,"150,548"
117,28,05:27 ↑,18:25 ↑,12:58:02,+1:12,04:07,19:45,04:35,19:16,05:03,18:48,11:55,"150,587"
118,29,05:26 ↑,18:25 ↑,12:59:14,+1:11,04:06,19:45,04:34,19:17,05:02,18:49,11:55,"150,625"
119,30,05:25 ↑,18:26 ↑,13:00:25,+1:11,04:05,19:46,04:33,19:17,05:01,18:49,11:55,"150,663"
120,1,05:24 ↑,18:26 ↑,13:01:36,+1:10,04:04,19:47,04:33,19:18,05:01,18:50,11:55,"150,700"
121,2,05:24 ↑,18:26 ↑,13:02:45,+1:09,04:03,19:47,04:32,19:18,05:00,18:50,11:55,"150,738"
122,3,05:23 ↑,18:27 ↑,13:03:54,+1:08,04:02,19:48,04:31,19:19,04:59,18:51,11:55,"150,775"
123,4,05:22 ↑,18:27 ↑,13:05:03,+1:08,04:01,19:49,04:30,19:20,04:58,18:51,11:55,"150,812"
124,5,05:22 ↑,18:28 ↑,13:06:10,+1:07,04:00,19:49,04:29,19:20,04:58,18:52,11:55,"150,849"
125,6,05:21 ↑,18:28 ↑,13:07:17,+1:06,04:00,19:50,04:29,19:21,04:57,18:52,11:55,"150,886"
126,7,05:20 ↑,18:29 ↑,13:08:23,+1:05,03:59,19:51,04:28,19:21,04:56,18:53,11:54,"150,922"
127,8,05:20 ↑,18:29 ↑,13:09:27,+1:04,03:58,19:51,04:27,19:22,04:56,18:53,11:54,"150,958"
128,9,05:19 ↑,18:30 ↑,13:10:31,+1:04,03:57,19:52,04:27,19:23,04:55,18:54,11:54,"150,995"
129,10,05:19 ↑,18:30 ↑,13:11:35,+1:03,03:56,19:53,04:26,19:23,04:54,18:54,11:54,"151,030"
130,11,05:18 ↑,18:31 ↑,13:12:37,+1:02,03:56,19:53,04:25,19:24,04:54,18:55,11:54,"151,066"
131,12,05:18 ↑,18:31 ↑,13:13:38,+1:01,03:55,19:54,04:25,19:24,04:53,18:55,11:54,"151,101"
132,13,05:17 ↑,18:32 ↑,13:14:38,+1:00,03:54,19:55,04:24,19:25,04:53,18:56,11:54,"151,136"
133,14,05:17 ↑,18:32 ↑,13:15:38,+0:59,03:53,19:55,04:23,19:25,04:52,18:57,11:54,"151,170"
134,15,05:16 ↑,18:33 ↑,13:16:36,+0:58,03:53,19:56,04:23,19:26,04:52,18:57,11:54,"151,204"
135,16,05:16 ↑,18:33 ↑,13:17:33,+0:57,03:52,19:57,04:22,19:27,04:51,18:58,11:54,"151,237"
136,17,05:15 ↑,18:34 ↑,13:18:29,+0:55,03:51,19:57,04:22,19:27,04:51,18:58,11:54,"151,270"
137,18,05:15 ↑,18:34 ↑,13:19:23,+0:54,03:51,19:58,04:21,19:28,04:50,18:59,11:54,"151,302"
138,19,05:14 ↑,18:35 ↑,13:20:17,+0:53,03:50,19:59,04:21,19:28,04:50,18:59,11:54,"151,333"
139,20,05:14 ↑,18:35 ↑,13:21:09,+0:52,03:50,19:59,04:20,19:29,04:49,19:00,11:54,"151,363"
140,21,05:14 ↑,18:36 ↑,13:22:01,+0:51,03:49,20:00,04:20,19:30,04:49,19:00,11:54,"151,393"
141,22,05:13 ↑,18:36 ↑,13:22:51,+0:49,03:49,20:01,04:19,19:30,04:48,19:01,11:54,"151,422"
142,23,05:13 ↑,18:37 ↑,13:23:39,+0:48,03:48,20:01,04:19,19:31,04:48,19:01,11:55,"151,450"
143,24,05:13 ↑,18:37 ↑,13:24:26,+0:47,03:48,20:02,04:18,19:31,04:48,19:02,11:55,"151,478"
144,25,05:12 ↑,18:37 ↑,13:25:12,+0:45,03:47,20:03,04:18,19:32,04:47,19:02,11:55,"151,505"
145,26,05:12 ↑,18:38 ↑,13:25:57,+0:44,03:47,20:03,04:17,19:33,04:47,19:03,11:55,"151,531"
146,27,05:12 ↑,18:38 ↑,13:26:40,+0:43,03:46,20:04,04:17,19:33,04:47,19:03,11:55,"151,557"
147,28,05:12 ↑,18:39 ↑,13:27:22,+0:41,03:46,20:05,04:17,19:34,04:47,19:04,11:55,"151,582"
148,29,05:11 ↑,18:39 ↑,13:28:02,+0:40,03:46,20:05,04:16,19:34,04:46,19:04,11:55,"151,606"
149,30,05:11 ↑,18:40 ↑,13:28:41,+0:38,03:45,20:06,04:16,19:35,04:46,19:05,11:55,"151,631"
150,31,05:11 ↑,18:40 ↑,13:29:18,+0:37,03:45,20:06,04:16,19:35,04:46,19:05,11:55,"151,654"
151,1,05:11 ↑,18:41 ↑,13:29:54,+0:35,03:45,20:07,04:16,19:36,04:46,19:06,11:56,"151,677"
152,2,05:11 ↑,18:41 ↑,13:30:28,+0:34,03:44,20:08,04:15,19:36,04:46,19:06,11:56,"151,700"
153,3,05:11 ↑,18:42 ↑,13:31:01,+0:32,03:44,20:08,04:15,19:37,04:45,19:07,11:56,"151,722"
154,4,05:10 ↑,18:42 ↑,13:31:32,+0:31,03:44,20:09,04:15,19:37,04:45,19:07,11:56,"151,744"
155,5,05:10 ↑,18:42 ↑,13:32:01,+0:29,03:44,20:09,04:15,19:38,04:45,19:08,11:56,"151,765"
156,6,05:10 ↑,18:43 ↑,13:32:29,+0:27,03:43,20:10,04:15,19:38,04:45,19:08,11:56,"151,786"
157,7,05:10 ↑,18:43 ↑,13:32:55,+0:26,03:43,20:10,04:15,19:39,04:45,19:08,11:57,"151,807"
158,8,05:10 ↑,18:44 ↑,13:33:19,+0:24,03:43,20:11,04:15,19:39,04:45,19:09,11:57,"151,827"
159,9,05:10 ↑,18:44 ↑,13:33:42,+0:22,03:43,20:11,04:15,19:40,04:45,19:09,11:57,"151,847"
160,10,05:10 ↑,18:44 ↑,13:34:03,+0:21,03:43,20:12,04:15,19:40,04:45,19:10,11:57,"151,866"
161,11,05:10 ↑,18:45 ↑,13:34:23,+0:19,03:43,20:12,04:15,19:40,04:45,19:10,11:57,"151,884"
162,12,05:10 ↑,18:45 ↑,13:34:40,+0:17,03:43,20:13,04:15,19:41,04:45,19:10,11:58,"151,902"
163,13,05:10 ↑,18:45 ↑,13:34:56,+0:15,03:43,20:13,04:15,19:41,04:45,19:11,11:58,"151,919"
164,,"Rise
05:10
64°ENE
Meridian
11:58
180°S
Set
18:45
296°WNW
↑↓
11:58
Altitude
89°
Heading
↑179°S
Position
Day",,,,,,,,,,,
165,14,05:10 ↑,18:46 ↑,13:35:10,+0:14,03:43,20:13,04:15,19:42,04:45,19:11,11:58,"151,935"
166,15,05:11 ↑,18:46 ↑,13:35:22,+0:12,03:43,20:14,04:15,19:42,04:45,19:11,11:58,"151,951"
167,16,05:11 ↑,18:46 ↑,13:35:33,+0:10,03:43,20:14,04:15,19:42,04:45,19:12,11:58,"151,965"
168,17,05:11 ↑,18:47 ↑,13:35:42,+0:08,03:43,20:14,04:15,19:42,04:45,19:12,11:59,"151,979"
169,18,05:11 ↑,18:47 ↑,13:35:49,+0:06,03:43,20:15,04:15,19:43,04:46,19:12,11:59,"151,992"
170,19,05:11 ↑,18:47 ↑,13:35:54,+0:05,03:43,20:15,04:15,19:43,04:46,19:13,11:59,"152,004"
171,20,05:11 ↑,18:47 ↑,13:35:57,+0:03,03:44,20:15,04:15,19:43,04:46,19:13,11:59,"152,015"
172,21,05:12 ↑,18:48 ↑,13:35:59,+0:01,03:44,20:15,04:16,19:44,04:46,19:13,12:00,"152,025"
173,22,05:12 ↑,18:48 ↑,13:35:59,< 1s,03:44,20:16,04:16,19:44,04:46,19:13,12:00,"152,035"
174,23,05:12 ↑,18:48 ↑,13:35:56,−0:02,03:44,20:16,04:16,19:44,04:47,19:13,12:00,"152,043"
175,24,05:12 ↑,18:48 ↑,13:35:53,−0:03,03:44,20:16,04:16,19:44,04:47,19:14,12:00,"152,051"
176,25,05:13 ↑,18:48 ↑,13:35:47,−0:05,03:45,20:16,04:17,19:44,04:47,19:14,12:00,"152,058"
177,26,05:13 ↑,18:48 ↑,13:35:39,−0:07,03:45,20:16,04:17,19:44,04:47,19:14,12:01,"152,064"
178,27,05:13 ↑,18:49 ↑,13:35:30,−0:09,03:45,20:16,04:17,19:44,04:48,19:14,12:01,"152,070"
179,28,05:13 ↑,18:49 ↑,13:35:19,−0:11,03:46,20:16,04:18,19:45,04:48,19:14,12:01,"152,075"
180,29,05:14 ↑,18:49 ↑,13:35:06,−0:12,03:46,20:16,04:18,19:45,04:48,19:14,12:01,"152,079"
181,30,05:14 ↑,18:49 ↑,13:34:52,−0:14,03:46,20:16,04:18,19:45,04:49,19:14,12:01,"152,082"
182,1,05:14 ↑,18:49 ↑,13:34:36,−0:16,03:47,20:16,04:19,19:45,04:49,19:14,12:02,"152,085"
183,2,05:15 ↑,18:49 ↑,13:34:18,−0:18,03:47,20:16,04:19,19:45,04:49,19:14,12:02,"152,088"
184,3,05:15 ↑,18:49 ↑,13:33:58,−0:19,03:48,20:16,04:19,19:45,04:50,19:14,12:02,"152,090"
185,4,05:15 ↑,18:49 ↑,13:33:36,−0:21,03:48,20:16,04:20,19:45,04:50,19:14,12:02,"152,092"
186,5,05:16 ↑,18:49 ↑,13:33:13,−0:23,03:49,20:16,04:20,19:45,04:50,19:14,12:02,"152,093"
187,6,05:16 ↑,18:49 ↑,13:32:48,−0:24,03:49,20:16,04:21,19:44,04:51,19:14,12:03,"152,093"
188,7,05:16 ↑,18:49 ↑,13:32:22,−0:26,03:50,20:16,04:21,19:44,04:51,19:14,12:03,"152,093"
189,8,05:17 ↑,18:49 ↑,13:31:54,−0:28,03:50,20:16,04:21,19:44,04:52,19:14,12:03,"152,093"
190,9,05:17 ↑,18:49 ↑,13:31:24,−0:29,03:51,20:15,04:22,19:44,04:52,19:14,12:03,"152,092"
191,10,05:18 ↑,18:49 ↑,13:30:53,−0:31,03:51,20:15,04:22,19:44,04:52,19:14,12:03,"152,090"
192,11,05:18 ↑,18:48 ↑,13:30:20,−0:32,03:52,20:15,04:23,19:44,04:53,19:14,12:03,"152,087"
193,12,05:18 ↑,18:48 ↑,13:29:46,−0:34,03:52,20:14,04:23,19:43,04:53,19:13,12:03,"152,084"
194,13,05:19 ↑,18:48 ↑,13:29:10,−0:35,03:53,20:14,04:24,19:43,04:54,19:13,12:04,"152,080"
195,14,05:19 ↑,18:48 ↑,13:28:33,−0:37,03:53,20:14,04:24,19:43,04:54,19:13,12:04,"152,075"
196,15,05:20 ↑,18:48 ↑,13:27:54,−0:38,03:54,20:13,04:25,19:42,04:55,19:13,12:04,"152,069"
197,16,05:20 ↑,18:47 ↑,13:27:13,−0:40,03:54,20:13,04:25,19:42,04:55,19:12,12:04,"152,062"
198,17,05:21 ↑,18:47 ↑,13:26:32,−0:41,03:55,20:13,04:26,19:42,04:56,19:12,12:04,"152,055"
199,18,05:21 ↑,18:47 ↑,13:25:48,−0:43,03:56,20:12,04:26,19:41,04:56,19:12,12:04,"152,046"
200,19,05:22 ↑,18:47 ↑,13:25:04,−0:44,03:56,20:12,04:27,19:41,04:57,19:11,12:04,"152,037"
201,20,05:22 ↑,18:46 ↑,13:24:18,−0:45,03:57,20:11,04:28,19:41,04:57,19:11,12:04,"152,026"
202,21,05:22 ↑,18:46 ↑,13:23:31,−0:47,03:58,20:11,04:28,19:40,04:58,19:11,12:04,"152,015"
203,22,05:23 ↑,18:46 ↑,13:22:42,−0:48,03:58,20:10,04:29,19:40,04:58,19:10,12:04,"152,003"
204,23,05:23 ↑,18:45 ↑,13:21:53,−0:49,03:59,20:10,04:29,19:39,04:59,19:10,12:04,"151,991"
205,24,05:24 ↑,18:45 ↑,13:21:02,−0:50,03:59,20:09,04:30,19:39,04:59,19:09,12:04,"151,977"
206,25,05:24 ↑,18:44 ↑,13:20:10,−0:52,04:00,20:08,04:30,19:38,05:00,19:09,12:04,"151,963"
207,26,05:25 ↑,18:44 ↑,13:19:16,−0:53,04:01,20:08,04:31,19:38,05:00,19:08,12:04,"151,948"
208,27,05:25 ↑,18:43 ↑,13:18:22,−0:54,04:01,20:07,04:31,19:37,05:01,19:08,12:04,"151,932"
209,28,05:26 ↑,18:43 ↑,13:17:26,−0:55,04:02,20:06,04:32,19:36,05:01,19:07,12:04,"151,916"
210,29,05:26 ↑,18:43 ↑,13:16:30,−0:56,04:03,20:06,04:33,19:36,05:02,19:07,12:04,"151,899"
211,30,05:26 ↑,18:42 ↑,13:15:32,−0:57,04:03,20:05,04:33,19:35,05:02,19:06,12:04,"151,881"
212,31,05:27 ↑,18:41 ↑,13:14:33,−0:58,04:04,20:04,04:34,19:35,05:03,19:06,12:04,"151,864"
213,1,05:27 ↑,18:41 ↑,13:13:34,−0:59,04:04,20:04,04:34,19:34,05:03,19:05,12:04,"151,845"
214,2,05:28 ↑,18:40 ↑,13:12:33,−1:00,04:05,20:03,04:35,19:33,05:04,19:05,12:04,"151,827"
215,3,05:28 ↑,18:40 ↑,13:11:31,−1:01,04:06,20:02,04:35,19:33,05:04,19:04,12:04,"151,808"
216,4,05:29 ↑,18:39 ↑,13:10:29,−1:02,04:06,20:01,04:36,19:32,05:04,19:03,12:04,"151,788"
217,5,05:29 ↑,18:39 ↑,13:09:26,−1:03,04:07,20:00,04:36,19:31,05:05,19:03,12:04,"151,768"
218,6,05:29 ↑,18:38 ↑,13:08:21,−1:04,04:08,20:00,04:37,19:30,05:05,19:02,12:04,"151,748"
219,7,05:30 ↑,18:37 ↑,13:07:16,−1:05,04:08,19:59,04:37,19:30,05:06,19:01,12:04,"151,727"
220,8,05:30 ↑,18:37 ↑,13:06:10,−1:05,04:09,19:58,04:38,19:29,05:06,19:00,12:04,"151,705"
221,9,05:31 ↑,18:36 ↑,13:05:04,−1:06,04:10,19:57,04:39,19:28,05:07,19:00,12:03,"151,683"
222,10,05:31 ↑,18:35 ↑,13:03:56,−1:07,04:10,19:56,04:39,19:27,05:07,18:59,12:03,"151,660"
223,11,05:32 ↑,18:34 ↑,13:02:48,−1:08,04:11,19:55,04:40,19:26,05:08,18:58,12:03,"151,637"
224,12,05:32 ↑,18:34 ↑,13:01:39,−1:08,04:11,19:54,04:40,19:25,05:08,18:57,12:03,"151,613"
225,13,05:32 ↑,18:33 ↑,13:00:29,−1:09,04:12,19:53,04:41,19:25,05:09,18:57,12:03,"151,588"
226,14,05:33 ↑,18:32 ↑,12:59:19,−1:10,04:13,19:52,04:41,19:24,05:09,18:56,12:03,"151,562"
227,15,05:33 ↑,18:31 ↑,12:58:08,−1:10,04:13,19:51,04:42,19:23,05:10,18:55,12:02,"151,536"
228,16,05:34 ↑,18:31 ↑,12:56:57,−1:11,04:14,19:50,04:42,19:22,05:10,18:54,12:02,"151,509"
229,17,05:34 ↑,18:30 ↑,12:55:45,−1:12,04:14,19:49,04:43,19:21,05:10,18:53,12:02,"151,481"
230,18,05:34 ↑,18:29 ↑,12:54:32,−1:12,04:15,19:48,04:43,19:20,05:11,18:52,12:02,"151,452"
231,19,05:35 ↑,18:28 ↑,12:53:19,−1:13,04:15,19:47,04:44,19:19,05:11,18:52,12:02,"151,423"
232,20,05:35 ↑,18:27 ↑,12:52:05,−1:13,04:16,19:46,04:44,19:18,05:12,18:51,12:01,"151,393"
233,21,05:36 ↑,18:26 ↑,12:50:51,−1:14,04:17,19:45,04:45,19:17,05:12,18:50,12:01,"151,362"
234,22,05:36 ↑,18:26 ↑,12:49:36,−1:14,04:17,19:44,04:45,19:16,05:13,18:49,12:01,"151,331"
235,23,05:36 ↑,18:25 ↑,12:48:21,−1:15,04:18,19:43,04:46,19:15,05:13,18:48,12:01,"151,299"
236,24,05:37 ↑,18:24 ↑,12:47:05,−1:15,04:18,19:42,04:46,19:14,05:13,18:47,12:00,"151,267"
237,25,05:37 ↑,18:23 ↑,12:45:49,−1:16,04:19,19:41,04:46,19:13,05:14,18:46,12:00,"151,234"
238,26,05:37 ↑,18:22 ↑,12:44:32,−1:16,04:19,19:40,04:47,19:12,05:14,18:45,12:00,"151,201"
239,27,05:38 ↑,18:21 ↑,12:43:15,−1:16,04:20,19:39,04:47,19:11,05:15,18:44,12:00,"151,167"
240,28,05:38 ↑,18:20 ↑,12:41:58,−1:17,04:20,19:38,04:48,19:10,05:15,18:43,11:59,"151,133"
241,29,05:38 ↑,18:19 ↑,12:40:41,−1:17,04:21,19:37,04:48,19:09,05:15,18:42,11:59,"151,098"
242,30,05:39 ↑,18:18 ↑,12:39:23,−1:17,04:21,19:36,04:49,19:08,05:16,18:41,11:59,"151,064"
243,31,05:39 ↑,18:17 ↑,12:38:04,−1:18,04:22,19:35,04:49,19:07,05:16,18:40,11:58,"151,029"
244,1,05:39 ↑,18:16 ↑,12:36:46,−1:18,04:22,19:33,04:50,19:06,05:16,18:39,11:58,"150,994"
245,2,05:40 ↑,18:15 ↑,12:35:27,−1:18,04:23,19:32,04:50,19:05,05:17,18:38,11:58,"150,959"
246,3,05:40 ↑,18:14 ↑,12:34:08,−1:19,04:23,19:31,04:50,19:04,05:17,18:37,11:57,"150,924"
247,4,05:40 ↑,18:13 ↑,12:32:49,−1:19,04:24,19:30,04:51,19:03,05:18,18:36,11:57,"150,888"
248,5,05:41 ↑,18:12 ↑,12:31:29,−1:19,04:24,19:29,04:51,19:02,05:18,18:35,11:57,"150,852"
249,6,05:41 ↑,18:11 ↑,12:30:09,−1:19,04:24,19:28,04:52,19:01,05:18,18:34,11:56,"150,816"
250,7,05:41 ↑,18:10 ↑,12:28:49,−1:20,04:25,19:27,04:52,19:00,05:19,18:33,11:56,"150,780"
251,8,05:42 ↑,18:09 ↑,12:27:29,−1:20,04:25,19:26,04:52,18:59,05:19,18:32,11:56,"150,743"
252,9,05:42 ↑,18:08 ↑,12:26:08,−1:20,04:26,19:24,04:53,18:58,05:19,18:31,11:55,"150,705"
253,10,05:42 ↑,18:07 ↑,12:24:47,−1:20,04:26,19:23,04:53,18:57,05:20,18:30,11:55,"150,668"
254,11,05:43 ↑,18:06 ↑,12:23:26,−1:20,04:27,19:22,04:53,18:55,05:20,18:29,11:55,"150,630"
255,12,05:43 ↑,18:05 ↑,12:22:05,−1:21,04:27,19:21,04:54,18:54,05:20,18:28,11:54,"150,591"
256,13,05:43 ↑,18:04 ↑,12:20:44,−1:21,04:27,19:20,04:54,18:53,05:21,18:27,11:54,"150,552"
257,14,05:44 ↑,18:03 ↑,12:19:23,−1:21,04:28,19:19,04:55,18:52,05:21,18:26,11:54,"150,513"
258,15,05:44 ↑,18:02 ↑,12:18:01,−1:21,04:28,19:18,04:55,18:51,05:21,18:25,11:53,"150,473"
259,16,05:44 ↑,18:01 ↑,12:16:40,−1:21,04:29,19:17,04:55,18:50,05:22,18:24,11:53,"150,432"
260,17,05:45 ↑,18:00 ↑,12:15:18,−1:21,04:29,19:16,04:56,18:49,05:22,18:23,11:53,"150,391"
261,18,05:45 ↑,17:59 ↑,12:13:56,−1:21,04:29,19:14,04:56,18:48,05:22,18:22,11:52,"150,350"
262,19,05:45 ↑,17:58 ↑,12:12:35,−1:21,04:30,19:13,04:56,18:47,05:23,18:21,11:52,"150,309"
263,20,05:46 ↑,17:57 ↑,12:11:13,−1:21,04:30,19:12,04:57,18:46,05:23,18:19,11:51,"150,267"
264,21,05:46 ↑,17:56 ↑,12:09:51,−1:21,04:31,19:11,04:57,18:45,05:23,18:18,11:51,"150,224"
265,22,05:46 ↑,17:55 ↑,12:08:29,−1:21,04:31,19:10,04:57,18:44,05:24,18:17,11:51,"150,182"
266,23,05:47 ↑,17:54 ↑,12:07:07,−1:21,04:31,19:09,04:58,18:43,05:24,18:16,11:50,"150,139"
267,24,05:47 ↑,17:53 ↑,12:05:45,−1:21,04:32,19:08,04:58,18:42,05:24,18:15,11:50,"150,096"
268,25,05:47 ↑,17:52 ↑,12:04:23,−1:21,04:32,19:07,04:58,18:41,05:25,18:14,11:50,"150,053"
269,26,05:48 ↑,17:51 ↑,12:03:01,−1:21,04:32,19:06,04:59,18:39,05:25,18:13,11:49,"150,010"
270,27,05:48 ↑,17:50 ↑,12:01:39,−1:21,04:33,19:05,04:59,18:38,05:25,18:12,11:49,"149,967"
271,28,05:48 ↑,17:49 ↑,12:00:17,−1:21,04:33,19:04,05:00,18:37,05:26,18:11,11:49,"149,924"
272,29,05:49 ↑,17:48 ↑,11:58:56,−1:21,04:34,19:03,05:00,18:36,05:26,18:10,11:48,"149,881"
273,30,05:49 ↑,17:47 ↑,11:57:34,−1:21,04:34,19:02,05:00,18:35,05:26,18:09,11:48,"149,839"
274,1,05:49 ↑,17:46 ↑,11:56:12,−1:21,04:34,19:01,05:01,18:34,05:27,18:08,11:48,"149,796"
275,2,05:50 ↑,17:45 ↑,11:54:51,−1:21,04:35,19:00,05:01,18:33,05:27,18:07,11:47,"149,754"
276,3,05:50 ↑,17:44 ↑,11:53:29,−1:21,04:35,18:59,05:01,18:32,05:28,18:06,11:47,"149,711"
277,4,05:50 ↑,17:43 ↑,11:52:08,−1:21,04:35,18:58,05:02,18:31,05:28,18:05,11:47,"149,669"
278,5,05:51 ↑,17:42 ↑,11:50:47,−1:21,04:36,18:57,05:02,18:30,05:28,18:04,11:46,"149,627"
279,6,05:51 ↑,17:41 ↑,11:49:25,−1:21,04:36,18:56,05:02,18:29,05:29,18:03,11:46,"149,585"
280,7,05:52 ↑,17:40 ↑,11:48:04,−1:21,04:36,18:55,05:03,18:29,05:29,18:02,11:46,"149,543"
281,8,05:52 ↑,17:39 ↑,11:46:44,−1:20,04:37,18:54,05:03,18:28,05:29,18:01,11:46,"149,501"
282,9,05:52 ↑,17:38 ↑,11:45:23,−1:20,04:37,18:53,05:03,18:27,05:30,18:00,11:45,"149,459"
283,10,05:53 ↑,17:37 ↑,11:44:02,−1:20,04:38,18:52,05:04,18:26,05:30,18:00,11:45,"149,416"
284,11,05:53 ↑,17:36 ↑,11:42:42,−1:20,04:38,18:51,05:04,18:25,05:30,17:59,11:45,"149,374"
285,12,05:54 ↑,17:35 ↑,11:41:22,−1:20,04:38,18:50,05:05,18:24,05:31,17:58,11:44,"149,332"
286,13,05:54 ↑,17:34 ↑,11:40:02,−1:19,04:39,18:49,05:05,18:23,05:31,17:57,11:44,"149,289"
287,14,05:54 ↑,17:33 ↑,11:38:43,−1:19,04:39,18:48,05:05,18:22,05:32,17:56,11:44,"149,247"
288,15,05:55 ↑,17:32 ↑,11:37:23,−1:19,04:40,18:48,05:06,18:21,05:32,17:55,11:44,"149,204"
289,16,05:55 ↑,17:31 ↑,11:36:04,−1:19,04:40,18:47,05:06,18:21,05:33,17:54,11:44,"149,161"
290,17,05:56 ↑,17:31 ↑,11:34:46,−1:18,04:40,18:46,05:07,18:20,05:33,17:53,11:43,"149,118"
291,18,05:56 ↑,17:30 ↑,11:33:27,−1:18,04:41,18:45,05:07,18:19,05:33,17:53,11:43,"149,076"
292,19,05:57 ↑,17:29 ↑,11:32:09,−1:18,04:41,18:44,05:07,18:18,05:34,17:52,11:43,"149,033"
293,20,05:57 ↑,17:28 ↑,11:30:51,−1:17,04:42,18:44,05:08,18:17,05:34,17:51,11:43,"148,990"
294,21,05:58 ↑,17:27 ↑,11:29:34,−1:17,04:42,18:43,05:08,18:17,05:35,17:50,11:43,"148,947"
295,22,05:58 ↑,17:26 ↑,11:28:17,−1:16,04:42,18:42,05:09,18:16,05:35,17:49,11:42,"148,904"
296,23,05:59 ↑,17:26 ↑,11:27:00,−1:16,04:43,18:41,05:09,18:15,05:36,17:49,11:42,"148,862"
297,24,05:59 ↑,17:25 ↑,11:25:44,−1:16,04:43,18:41,05:10,18:14,05:36,17:48,11:42,"148,820"
298,25,06:00 ↑,17:24 ↑,11:24:29,−1:15,04:44,18:40,05:10,18:14,05:37,17:47,11:42,"148,778"
299,26,06:00 ↑,17:23 ↑,11:23:14,−1:15,04:44,18:39,05:10,18:13,05:37,17:46,11:42,"148,737"
300,27,06:01 ↑,17:23 ↑,11:21:59,−1:14,04:44,18:39,05:11,18:12,05:38,17:46,11:42,"148,696"
301,28,06:01 ↑,17:22 ↑,11:20:45,−1:14,04:45,18:38,05:11,18:12,05:38,17:45,11:42,"148,655"
302,29,06:02 ↑,17:21 ↑,11:19:32,−1:13,04:45,18:38,05:12,18:11,05:39,17:44,11:42,"148,615"
303,30,06:02 ↑,17:21 ↑,11:18:19,−1:12,04:46,18:37,05:12,18:10,05:39,17:44,11:42,"148,575"
304,31,06:03 ↑,17:20 ↑,11:17:06,−1:12,04:46,18:36,05:13,18:10,05:40,17:43,11:41,"148,536"
305,1,06:03 ↑,17:19 ↑,11:15:55,−1:11,04:47,18:36,05:13,18:09,05:40,17:43,11:41,"148,498"
306,2,06:04 ↑,17:19 ↑,11:14:43,−1:11,04:47,18:35,05:14,18:09,05:41,17:42,11:41,"148,460"
307,3,06:04 ↑,17:18 ↑,11:13:33,−1:10,04:48,18:35,05:14,18:08,05:41,17:41,11:41,"148,422"
308,4,06:05 ↑,17:17 ↑,11:12:23,−1:09,04:48,18:34,05:15,18:08,05:42,17:41,11:41,"148,385"
309,5,06:06 ↑,17:17 ↑,11:11:14,−1:08,04:49,18:34,05:15,18:07,05:42,17:40,11:41,"148,348"
310,6,06:06 ↑,17:16 ↑,11:10:06,−1:08,04:49,18:34,05:16,18:07,05:43,17:40,11:41,"148,312"
311,7,06:07 ↑,17:16 ↑,11:08:59,−1:07,04:50,18:33,05:16,18:06,05:43,17:39,11:41,"148,276"
312,8,06:07 ↑,17:15 ↑,11:07:52,−1:06,04:50,18:33,05:17,18:06,05:44,17:39,11:42,"148,240"
313,9,06:08 ↑,17:15 ↑,11:06:46,−1:05,04:51,18:32,05:17,18:06,05:45,17:38,11:42,"148,205"
314,10,06:09 ↑,17:14 ↑,11:05:41,−1:04,04:51,18:32,05:18,18:05,05:45,17:38,11:42,"148,169"
315,11,06:09 ↑,17:14 ↑,11:04:37,−1:04,04:52,18:32,05:19,18:05,05:46,17:38,11:42,"148,134"
316,12,06:10 ↑,17:14 ↑,11:03:34,−1:03,04:52,18:31,05:19,18:04,05:46,17:37,11:42,"148,100"
317,13,06:11 ↑,17:13 ↑,11:02:32,−1:02,04:53,18:31,05:20,18:04,05:47,17:37,11:42,"148,065"
318,14,06:11 ↑,17:13 ↑,11:01:31,−1:01,04:53,18:31,05:20,18:04,05:48,17:37,11:42,"148,031"
319,15,06:12 ↑,17:12 ↑,11:00:31,−1:00,04:54,18:31,05:21,18:04,05:48,17:36,11:42,"147,997"
320,16,06:13 ↑,17:12 ↑,10:59:32,−0:58,04:54,18:30,05:21,18:03,05:49,17:36,11:43,"147,964"
321,17,06:13 ↑,17:12 ↑,10:58:34,−0:57,04:55,18:30,05:22,18:03,05:49,17:36,11:43,"147,931"
322,18,06:14 ↑,17:12 ↑,10:57:37,−0:56,04:56,18:30,05:23,18:03,05:50,17:36,11:43,"147,898"
323,19,06:15 ↑,17:11 ↑,10:56:42,−0:55,04:56,18:30,05:23,18:03,05:51,17:35,11:43,"147,865"
324,20,06:15 ↑,17:11 ↑,10:55:48,−0:54,04:57,18:30,05:24,18:03,05:51,17:35,11:43,"147,833"
325,21,06:16 ↑,17:11 ↑,10:54:54,−0:53,04:57,18:30,05:24,18:03,05:52,17:35,11:44,"147,802"
326,22,06:17 ↑,17:11 ↑,10:54:03,−0:51,04:58,18:30,05:25,18:02,05:53,17:35,11:44,"147,771"
327,23,06:17 ↑,17:11 ↑,10:53:12,−0:50,04:58,18:30,05:26,18:02,05:53,17:35,11:44,"147,740"
328,24,06:18 ↑,17:10 ↑,10:52:23,−0:49,04:59,18:30,05:26,18:02,05:54,17:35,11:44,"147,711"
329,25,06:19 ↑,17:10 ↑,10:51:35,−0:47,05:00,18:30,05:27,18:02,05:55,17:35,11:45,"147,682"
330,26,06:19 ↑,17:10 ↑,10:50:49,−0:46,05:00,18:30,05:28,18:02,05:55,17:35,11:45,"147,654"
331,27,06:20 ↑,17:10 ↑,10:50:04,−0:44,05:01,18:30,05:28,18:02,05:56,17:35,11:45,"147,626"
332,28,06:21 ↑,17:10 ↑,10:49:20,−0:43,05:01,18:30,05:29,18:02,05:57,17:35,11:46,"147,600"
333,29,06:22 ↑,17:10 ↑,10:48:38,−0:41,05:02,18:30,05:29,18:02,05:57,17:35,11:46,"147,574"
334,30,06:22 ↑,17:10 ↑,10:47:58,−0:40,05:03,18:30,05:30,18:02,05:58,17:35,11:46,"147,549"
335,1,06:23 ↑,17:10 ↑,10:47:19,−0:38,05:03,18:30,05:31,18:03,05:59,17:35,11:47,"147,525"
336,2,06:24 ↑,17:10 ↑,10:46:42,−0:37,05:04,18:30,05:31,18:03,05:59,17:35,11:47,"147,502"
337,3,06:24 ↑,17:10 ↑,10:46:06,−0:35,05:04,18:30,05:32,18:03,06:00,17:35,11:47,"147,479"
338,4,06:25 ↑,17:11 ↑,10:45:32,−0:34,05:05,18:31,05:33,18:03,06:01,17:35,11:48,"147,457"
339,5,06:26 ↑,17:11 ↑,10:45:00,−0:32,05:06,18:31,05:33,18:03,06:01,17:35,11:48,"147,436"
340,6,06:26 ↑,17:11 ↑,10:44:29,−0:30,05:06,18:31,05:34,18:03,06:02,17:35,11:49,"147,416"
341,7,06:27 ↑,17:11 ↑,10:44:00,−0:28,05:07,18:31,05:34,18:04,06:02,17:36,11:49,"147,396"
342,8,06:28 ↑,17:11 ↑,10:43:33,−0:27,05:07,18:32,05:35,18:04,06:03,17:36,11:49,"147,376"
343,9,06:28 ↑,17:11 ↑,10:43:07,−0:25,05:08,18:32,05:36,18:04,06:04,17:36,11:50,"147,358"
344,10,06:29 ↑,17:12 ↑,10:42:44,−0:23,05:09,18:32,05:36,18:04,06:04,17:36,11:50,"147,339"
345,11,06:30 ↑,17:12 ↑,10:42:22,−0:21,05:09,18:32,05:37,18:05,06:05,17:37,11:51,"147,322"
346,12,06:30 ↑,17:12 ↑,10:42:02,−0:19,05:10,18:33,05:37,18:05,06:06,17:37,11:51,"147,304"
347,13,06:31 ↑,17:13 ↑,10:41:44,−0:18,05:10,18:33,05:38,18:05,06:06,17:37,11:52,"147,288"
348,14,06:31 ↑,17:13 ↑,10:41:28,−0:16,05:11,18:34,05:39,18:06,06:07,17:38,11:52,"147,271"
349,15,06:32 ↑,17:13 ↑,10:41:14,−0:14,05:11,18:34,05:39,18:06,06:07,17:38,11:53,"147,256"
350,16,06:33 ↑,17:14 ↑,10:41:01,−0:12,05:12,18:34,05:40,18:07,06:08,17:38,11:53,"147,241"
351,17,06:33 ↑,17:14 ↑,10:40:51,−0:10,05:13,18:35,05:40,18:07,06:09,17:39,11:54,"147,226"
352,18,06:34 ↑,17:15 ↑,10:40:42,−0:08,05:13,18:35,05:41,18:07,06:09,17:39,11:54,"147,212"
353,19,06:34 ↑,17:15 ↑,10:40:36,−0:06,05:14,18:36,05:41,18:08,06:10,17:40,11:55,"147,198"
354,20,06:35 ↑,17:15 ↑,10:40:31,−0:04,05:14,18:36,05:42,18:08,06:10,17:40,11:55,"147,186"
355,21,06:35 ↑,17:16 ↑,10:40:28,−0:02,05:15,18:37,05:42,18:09,06:11,17:41,11:56,"147,174"
356,22,06:36 ↑,17:16 ↑,10:40:28,< 1s,05:15,18:37,05:43,18:09,06:11,17:41,11:56,"147,163"
357,23,06:36 ↑,17:17 ↑,10:40:29,+0:01,05:16,18:38,05:43,18:10,06:12,17:42,11:57,"147,152"
358,24,06:37 ↑,17:17 ↑,10:40:32,+0:03,05:16,18:38,05:44,18:10,06:12,17:42,11:57,"147,143"
359,25,06:37 ↑,17:18 ↑,10:40:37,+0:05,05:17,18:39,05:44,18:11,06:13,17:43,11:58,"147,135"
360,26,06:38 ↑,17:19 ↑,10:40:44,+0:07,05:17,18:39,05:45,18:11,06:13,17:43,11:58,"147,127"
361,27,06:38 ↑,17:19 ↑,10:40:53,+0:08,05:17,18:40,05:45,18:12,06:13,17:44,11:59,"147,121"
362,28,06:39 ↑,17:20 ↑,10:41:04,+0:10,05:18,18:40,05:46,18:13,06:14,17:44,11:59,"147,115"
363,29,06:39 ↑,17:20 ↑,10:41:17,+0:12,05:18,18:41,05:46,18:13,06:14,17:45,12:00,"147,110"
364,30,06:39 ↑,17:21 ↑,10:41:32,+0:14,05:19,18:42,05:46,18:14,06:15,17:46,12:00,"147,107"
365,31,06:40 ↑,17:22 ↑,10:41:48,+0:16,05:19,18:42,05:47,18:14,06:15,17:46,12:01,"147,104"
366,1,06:40 ↑,17:22 ↑,10:42:12,+0:19,05:20,18:43,05:47,18:15,06:15,17:47,12:01,"147,104"
367,2,06:40 ↑,17:23 ↑,10:42:32,+0:20,05:20,18:43,05:48,18:16,06:16,17:48,12:02,"147,102"
368,3,06:41 ↑,17:24 ↑,10:42:55,+0:22,05:20,18:44,05:48,18:16,06:16,17:48,12:02,"147,100"
369,4,06:41 ↑,17:24 ↑,10:43:20,+0:24,05:21,18:45,05:48,18:17,06:16,17:49,12:03,"147,099"
370,5,06:41 ↑,17:25 ↑,10:43:46,+0:26,05:21,18:45,05:49,18:18,06:17,17:50,12:03,"147,099"
371,6,06:41 ↑,17:26 ↑,10:44:14,+0:28,05:21,18:46,05:49,18:18,06:17,17:50,12:03,"147,100"
372,7,06:42 ↑,17:26 ↑,10:44:44,+0:29,05:21,18:46,05:49,18:19,06:17,17:51,12:04,"147,102"
373,8,06:42 ↑,17:27 ↑,10:45:16,+0:31,05:22,18:47,05:49,18:19,06:17,17:51,12:04,"147,105"
374,9,06:42 ↑,17:28 ↑,10:45:49,+0:33,05:22,18:48,05:49,18:20,06:17,17:52,12:05,"147,109"
375,10,06:42 ↑,17:28 ↑,10:46:24,+0:35,05:22,18:48,05:50,18:21,06:18,17:53,12:05,"147,114"
376,11,06:42 ↑,17:29 ↑,10:47:01,+0:36,05:22,18:49,05:50,18:21,06:18,17:54,12:06,"147,119"
377,12,06:42 ↑,17:30 ↑,10:47:39,+0:38,05:22,18:50,05:50,18:22,06:18,17:54,12:06,"147,126"
378,13,06:42 ↑,17:31 ↑,10:48:19,+0:39,05:23,18:50,05:50,18:23,06:18,17:55,12:06,"147,133"
379,14,06:42 ↑,17:31 ↑,10:49:01,+0:41,05:23,18:51,05:50,18:23,06:18,17:56,12:07,"147,141"
380,15,06:42 ↑,17:32 ↑,10:49:44,+0:43,05:23,18:51,05:50,18:24,06:18,17:56,12:07,"147,150"
381,16,06:42 ↑,17:33 ↑,10:50:28,+0:44,05:23,18:52,05:50,18:25,06:18,17:57,12:07,"147,160"
382,17,06:42 ↑,17:33 ↑,10:51:15,+0:46,05:23,18:53,05:50,18:25,06:18,17:58,12:08,"147,171"
383,18,06:42 ↑,17:34 ↑,10:52:02,+0:47,05:23,18:53,05:50,18:26,06:18,17:58,12:08,"147,182"
384,19,06:42 ↑,17:35 ↑,10:52:51,+0:48,05:23,18:54,05:50,18:27,06:18,17:59,12:08,"147,193"
385,20,06:42 ↑,17:36 ↑,10:53:41,+0:50,05:23,18:55,05:50,18:27,06:18,18:00,12:09,"147,206"
386,21,06:42 ↑,17:36 ↑,10:54:33,+0:51,05:23,18:55,05:50,18:28,06:18,18:00,12:09,"147,218"
387,22,06:42 ↑,17:37 ↑,10:55:26,+0:53,05:23,18:56,05:50,18:29,06:18,18:01,12:09,"147,232"
388,23,06:41 ↑,17:38 ↑,10:56:21,+0:54,05:23,18:56,05:50,18:29,06:17,18:02,12:10,"147,245"
389,24,06:41 ↑,17:39 ↑,10:57:16,+0:55,05:23,18:57,05:50,18:30,06:17,18:02,12:10,"147,260"
390,25,06:41 ↑,17:39 ↑,10:58:13,+0:56,05:23,18:58,05:50,18:31,06:17,18:03,12:10,"147,274"
391,26,06:41 ↑,17:40 ↑,10:59:11,+0:57,05:22,18:58,05:50,18:31,06:17,18:04,12:10,"147,290"
392,27,06:40 ↑,17:41 ↑,11:00:10,+0:59,05:22,18:59,05:49,18:32,06:17,18:04,12:10,"147,306"
393,28,06:40 ↑,17:41 ↑,11:01:10,+1:00,05:22,18:59,05:49,18:32,06:16,18:05,12:11,"147,322"
394,29,06:40 ↑,17:42 ↑,11:02:11,+1:01,05:22,19:00,05:49,18:33,06:16,18:06,12:11,"147,339"
395,30,06:40 ↑,17:43 ↑,11:03:14,+1:02,05:22,19:01,05:49,18:34,06:16,18:06,12:11,"147,357"
396,31,06:39 ↑,17:43 ↑,11:04:17,+1:03,05:21,19:01,05:48,18:34,06:15,18:07,12:11,"147,376"
397,1,06:39 ↑,17:44 ↑,11:05:22,+1:04,05:21,19:02,05:48,18:35,06:15,18:08,12:11,"147,395"
398,2,06:38 ↑,17:45 ↑,11:06:27,+1:05,05:21,19:02,05:48,18:35,06:15,18:08,12:11,"147,416"
399,3,06:38 ↑,17:45 ↑,11:07:33,+1:06,05:21,19:03,05:47,18:36,06:14,18:09,12:12,"147,437"
400,4,06:37 ↑,17:46 ↑,11:08:40,+1:07,05:20,19:03,05:47,18:37,06:14,18:10,12:12,"147,458"
401,5,06:37 ↑,17:47 ↑,11:09:48,+1:07,05:20,19:04,05:47,18:37,06:14,18:10,12:12,"147,481"
402,6,06:36 ↑,17:47 ↑,11:10:57,+1:08,05:19,19:05,05:46,18:38,06:13,18:11,12:12,"147,505"
403,7,06:36 ↑,17:48 ↑,11:12:06,+1:09,05:19,19:05,05:46,18:38,06:13,18:11,12:12,"147,529"
404,8,06:35 ↑,17:49 ↑,11:13:17,+1:10,05:19,19:06,05:45,18:39,06:12,18:12,12:12,"147,554"
405,9,06:35 ↑,17:49 ↑,11:14:28,+1:11,05:18,19:06,05:45,18:40,06:12,18:13,12:12,"147,580"
406,10,06:34 ↑,17:50 ↑,11:15:40,+1:11,05:18,19:07,05:44,18:40,06:11,18:13,12:12,"147,606"
407,11,06:34 ↑,17:51 ↑,11:16:52,+1:12,05:17,19:07,05:44,18:41,06:10,18:14,12:12,"147,634"
408,12,06:33 ↑,17:51 ↑,11:18:05,+1:13,05:17,19:08,05:43,18:41,06:10,18:14,12:12,"147,662"
409,13,06:32 ↑,17:52 ↑,11:19:19,+1:13,05:16,19:08,05:43,18:42,06:09,18:15,12:12,"147,691"
410,14,06:32 ↑,17:52 ↑,11:20:33,+1:14,05:16,19:09,05:42,18:42,06:09,18:16,12:12,"147,720"
411,15,06:31 ↑,17:53 ↑,11:21:48,+1:14,05:15,19:09,05:41,18:43,06:08,18:16,12:12,"147,750"
412,16,06:31 ↑,17:54 ↑,11:23:04,+1:15,05:14,19:10,05:41,18:43,06:07,18:17,12:12,"147,780"
413,17,06:30 ↑,17:54 ↑,11:24:20,+1:16,05:14,19:10,05:40,18:44,06:07,18:17,12:12,"147,811"
414,18,06:29 ↑,17:55 ↑,11:25:37,+1:16,05:13,19:11,05:40,18:44,06:06,18:18,12:12,"147,842"
415,19,06:28 ↑,17:55 ↑,11:26:54,+1:17,05:13,19:11,05:39,18:45,06:05,18:18,12:12,"147,873"
416,20,06:28 ↑,17:56 ↑,11:28:11,+1:17,05:12,19:12,05:38,18:45,06:05,18:19,12:12,"147,905"
417,21,06:27 ↑,17:56 ↑,11:29:29,+1:17,05:11,19:12,05:38,18:46,06:04,18:19,12:11,"147,937"
418,22,06:26 ↑,17:57 ↑,11:30:48,+1:18,05:10,19:13,05:37,18:46,06:03,18:20,12:11,"147,969"
419,23,06:25 ↑,17:57 ↑,11:32:06,+1:18,05:10,19:13,05:36,18:47,06:02,18:20,12:11,"148,002"
420,24,06:25 ↑,17:58 ↑,11:33:26,+1:19,05:09,19:13,05:35,18:47,06:02,18:21,12:11,"148,035"
421,25,06:24 ↑,17:58 ↑,11:34:45,+1:19,05:08,19:14,05:35,18:48,06:01,18:21,12:11,"148,068"
422,26,06:23 ↑,17:59 ↑,11:36:05,+1:19,05:08,19:14,05:34,18:48,06:00,18:22,12:11,"148,101"
423,27,06:22 ↑,17:59 ↑,11:37:25,+1:20,05:07,19:15,05:33,18:49,05:59,18:22,12:11,"148,135"
424,28,06:21 ↑,18:00 ↑,11:38:46,+1:20,05:06,19:15,05:32,18:49,05:58,18:23,12:10,"148,170"
425,1,06:20 ↑,18:00 ↑,11:40:06,+1:20,05:05,19:16,05:31,18:50,05:58,18:23,12:10,"148,204"
426,2,06:19 ↑,18:01 ↑,11:41:27,+1:21,05:04,19:16,05:31,18:50,05:57,18:24,12:10,"148,240"
427,3,06:19 ↑,18:01 ↑,11:42:49,+1:21,05:03,19:17,05:30,18:50,05:56,18:24,12:10,"148,275"
428,4,06:18 ↑,18:02 ↑,11:44:10,+1:21,05:03,19:17,05:29,18:51,05:55,18:25,12:10,"148,312"
429,5,06:17 ↑,18:02 ↑,11:45:32,+1:21,05:02,19:17,05:28,18:51,05:54,18:25,12:09,"148,349"
430,6,06:16 ↑,18:03 ↑,11:46:54,+1:21,05:01,19:18,05:27,18:52,05:53,18:25,12:09,"148,386"
431,7,06:15 ↑,18:03 ↑,11:48:16,+1:22,05:00,19:18,05:26,18:52,05:52,18:26,12:09,"148,424"
432,8,06:14 ↑,18:04 ↑,11:49:38,+1:22,04:59,19:19,05:25,18:53,05:51,18:26,12:09,"148,462"
433,9,06:13 ↑,18:04 ↑,11:51:00,+1:22,04:58,19:19,05:24,18:53,05:51,18:27,12:08,"148,501"
434,10,06:12 ↑,18:05 ↑,11:52:23,+1:22,04:57,19:20,05:23,18:53,05:50,18:27,12:08,"148,541"
435,11,06:11 ↑,18:05 ↑,11:53:46,+1:22,04:56,19:20,05:22,18:54,05:49,18:28,12:08,"148,581"
436,12,06:10 ↑,18:05 ↑,11:55:08,+1:22,04:55,19:21,05:22,18:54,05:48,18:28,12:08,"148,621"
437,13,06:09 ↑,18:06 ↑,11:56:31,+1:22,04:54,19:21,05:21,18:55,05:47,18:28,12:07,"148,662"
438,14,06:08 ↑,18:06 ↑,11:57:54,+1:22,04:53,19:21,05:20,18:55,05:46,18:29,12:07,"148,703"
439,15,06:07 ↑,18:07 ↑,11:59:17,+1:23,04:52,19:22,05:19,18:56,05:45,18:29,12:07,"148,745"
440,16,06:06 ↑,18:07 ↑,12:00:40,+1:23,04:51,19:22,05:18,18:56,05:44,18:30,12:07,"148,786"
441,17,06:05 ↑,18:08 ↑,12:02:04,+1:23,04:50,19:23,05:17,18:56,05:43,18:30,12:06,"148,828"
442,18,06:04 ↑,18:08 ↑,12:03:27,+1:23,04:49,19:23,05:16,18:57,05:42,18:31,12:06,"148,870"
443,19,06:03 ↑,18:08 ↑,12:04:50,+1:23,04:48,19:24,05:15,18:57,05:41,18:31,12:06,"148,912"
444,20,06:03 ↑,18:09 ↑,12:06:13,+1:23,04:47,19:24,05:14,18:58,05:40,18:31,12:05,"148,954"
445,21,06:02 ↑,18:09 ↑,12:07:37,+1:23,04:46,19:24,05:13,18:58,05:39,18:32,12:05,"148,996"
446,22,06:01 ↑,18:10 ↑,12:09:00,+1:23,04:45,19:25,05:12,18:58,05:38,18:32,12:05,"149,038"
447,23,06:00 ↑,18:10 ↑,12:10:23,+1:23,04:44,19:25,05:11,18:59,05:37,18:33,12:05,"149,080"
448,24,05:59 ↑,18:10 ↑,12:11:46,+1:23,04:43,19:26,05:10,18:59,05:36,18:33,12:04,"149,122"
449,25,05:58 ↑,18:11 ↑,12:13:09,+1:23,04:42,19:26,05:09,19:00,05:35,18:33,12:04,"149,163"
450,26,05:57 ↑,18:11 ↑,12:14:32,+1:23,04:41,19:27,05:08,19:00,05:34,18:34,12:04,"149,205"
451,27,05:56 ↑,18:12 ↑,12:15:55,+1:22,04:40,19:27,05:07,19:01,05:33,18:34,12:03,"149,247"
452,28,05:55 ↑,18:12 ↑,12:17:18,+1:22,04:39,19:28,05:06,19:01,05:32,18:35,12:03,"149,288"
453,29,05:54 ↑,18:12 ↑,12:18:41,+1:22,04:38,19:28,05:05,19:01,05:31,18:35,12:03,"149,330"
454,30,05:53 ↑,18:13 ↑,12:20:04,+1:22,04:37,19:29,05:03,19:02,05:30,18:35,12:02,"149,372"
455,31,05:52 ↑,18:13 ↑,12:21:26,+1:22,04:36,19:29,05:02,19:02,05:29,18:36,12:02,"149,414"
456,1,05:51 ↑,18:13 ↑,12:22:48,+1:22,04:35,19:30,05:01,19:03,05:28,18:36,12:02,"149,456"
457,2,05:50 ↑,18:14 ↑,12:24:11,+1:22,04:34,19:30,05:00,19:03,05:27,18:37,12:02,"149,498"
458,3,05:49 ↑,18:14 ↑,12:25:33,+1:21,04:33,19:31,04:59,19:04,05:26,18:37,12:01,"149,541"
459,4,05:48 ↑,18:15 ↑,12:26:54,+1:21,04:31,19:31,04:58,19:04,05:25,18:37,12:01,"149,583"
460,5,05:47 ↑,18:15 ↑,12:28:16,+1:21,04:30,19:32,04:57,19:05,05:24,18:38,12:01,"149,626"
461,6,05:46 ↑,18:15 ↑,12:29:37,+1:21,04:29,19:32,04:56,19:05,05:23,18:38,12:00,"149,669"
462,7,05:45 ↑,18:16 ↑,12:30:59,+1:21,04:28,19:33,04:55,19:05,05:22,18:39,12:00,"149,712"
463,8,05:44 ↑,18:16 ↑,12:32:19,+1:20,04:27,19:33,04:54,19:06,05:21,18:39,12:00,"149,755"
464,9,05:43 ↑,18:17 ↑,12:33:40,+1:20,04:26,19:34,04:53,19:06,05:20,18:39,12:00,"149,798"
465,10,05:42 ↑,18:17 ↑,12:35:01,+1:20,04:25,19:34,04:52,19:07,05:19,18:40,11:59,"149,842"
466,11,05:41 ↑,18:17 ↑,12:36:21,+1:20,04:24,19:35,04:51,19:07,05:18,18:40,11:59,"149,885"
467,12,05:40 ↑,18:18 ↑,12:37:41,+1:19,04:23,19:35,04:50,19:08,05:17,18:41,11:59,"149,929"
468,13,05:39 ↑,18:18 ↑,12:39:00,+1:19,04:22,19:36,04:49,19:08,05:16,18:41,11:58,"149,972"
469,14,05:38 ↑,18:19 ↑,12:40:19,+1:19,04:21,19:36,04:48,19:09,05:15,18:42,11:58,"150,015"
470,15,05:37 ↑,18:19 ↑,12:41:38,+1:18,04:20,19:37,04:47,19:09,05:14,18:42,11:58,"150,059"
471,16,05:36 ↑,18:19 ↑,12:42:57,+1:18,04:19,19:37,04:46,19:10,05:13,18:43,11:58,"150,101"
472,17,05:36 ↑,18:20 ↑,12:44:15,+1:18,04:18,19:38,04:45,19:10,05:12,18:43,11:58,"150,144"
473,18,05:35 ↑,18:20 ↑,12:45:32,+1:17,04:17,19:39,04:44,19:11,05:12,18:43,11:57,"150,186"
474,19,05:34 ↑,18:21 ↑,12:46:50,+1:17,04:16,19:39,04:43,19:11,05:11,18:44,11:57,"150,228"
475,20,05:33 ↑,18:21 ↑,12:48:06,+1:16,04:15,19:40,04:42,19:12,05:10,18:44,11:57,"150,270"
476,21,05:32 ↑,18:22 ↑,12:49:23,+1:16,04:13,19:40,04:41,19:12,05:09,18:45,11:57,"150,311"
477,22,05:31 ↑,18:22 ↑,12:50:39,+1:15,04:12,19:41,04:41,19:13,05:08,18:45,11:56,"150,351"
478,23,05:30 ↑,18:22 ↑,12:51:54,+1:15,04:11,19:42,04:40,19:13,05:07,18:46,11:56,"150,391"
479,24,05:30 ↑,18:23 ↑,12:53:09,+1:14,04:11,19:42,04:39,19:14,05:06,18:46,11:56,"150,431"
480,25,05:29 ↑,18:23 ↑,12:54:23,+1:14,04:10,19:43,04:38,19:14,05:05,18:47,11:56,"150,471"
481,26,05:28 ↑,18:24 ↑,12:55:37,+1:13,04:09,19:43,04:37,19:15,05:05,18:47,11:56,"150,510"
482,27,05:27 ↑,18:24 ↑,12:56:50,+1:13,04:08,19:44,04:36,19:16,05:04,18:48,11:56,"150,548"
483,28,05:27 ↑,18:25 ↑,12:58:02,+1:12,04:07,19:45,04:35,19:16,05:03,18:48,11:55,"150,587"
484,29,05:26 ↑,18:25 ↑,12:59:14,+1:11,04:06,19:45,04:34,19:17,05:02,18:49,11:55,"150,625"
485,30,05:25 ↑,18:26 ↑,13:00:25,+1:11,04:05,19:46,04:33,19:17,05:01,18:49,11:55,"150,663"
486,1,05:24 ↑,18:26 ↑,13:01:36,+1:10,04:04,19:47,04:33,19:18,05:01,18:50,11:55,"150,700"
487,2,05:24 ↑,18:26 ↑,13:02:45,+1:09,04:03,19:47,04:32,19:18,05:00,18:50,11:55,"150,738"
488,3,05:23 ↑,18:27 ↑,13:03:54,+1:08,04:02,19:48,04:31,19:19,04:59,18:51,11:55,"150,775"
489,4,05:22 ↑,18:27 ↑,13:05:03,+1:08,04:01,19:49,04:30,19:20,04:58,18:51,11:55,"150,812"
490,5,05:22 ↑,18:28 ↑,13:06:10,+1:07,04:00,19:49,04:29,19:20,04:58,18:52,11:55,"150,849"
491,6,05:21 ↑,18:28 ↑,13:07:17,+1:06,04:00,19:50,04:29,19:21,04:57,18:52,11:55,"150,886"
492,7,05:20 ↑,18:29 ↑,13:08:23,+1:05,03:59,19:51,04:28,19:21,04:56,18:53,11:54,"150,922"
493,8,05:20 ↑,18:29 ↑,13:09:27,+1:04,03:58,19:51,04:27,19:22,04:56,18:53,11:54,"150,958"
494,9,05:19 ↑,18:30 ↑,13:10:31,+1:04,03:57,19:52,04:27,19:23,04:55,18:54,11:54,"150,995"
495,10,05:19 ↑,18:30 ↑,13:11:35,+1:03,03:56,19:53,04:26,19:23,04:54,18:54,11:54,"151,030"
496,11,05:18 ↑,18:31 ↑,13:12:37,+1:02,03:56,19:53,04:25,19:24,04:54,18:55,11:54,"151,066"
497,12,05:18 ↑,18:31 ↑,13:13:38,+1:01,03:55,19:54,04:25,19:24,04:53,18:55,11:54,"151,101"
498,13,05:17 ↑,18:32 ↑,13:14:38,+1:00,03:54,19:55,04:24,19:25,04:53,18:56,11:54,"151,136"
499,14,05:17 ↑,18:32 ↑,13:15:38,+0:59,03:53,19:55,04:23,19:25,04:52,18:57,11:54,"151,170"
500,15,05:16 ↑,18:33 ↑,13:16:36,+0:58,03:53,19:56,04:23,19:26,04:52,18:57,11:54,"151,204"
501,16,05:16 ↑,18:33 ↑,13:17:33,+0:57,03:52,19:57,04:22,19:27,04:51,18:58,11:54,"151,237"
502,17,05:15 ↑,18:34 ↑,13:18:29,+0:55,03:51,19:57,04:22,19:27,04:51,18:58,11:54,"151,270"
503,18,05:15 ↑,18:34 ↑,13:19:23,+0:54,03:51,19:58,04:21,19:28,04:50,18:59,11:54,"151,302"
504,19,05:14 ↑,18:35 ↑,13:20:17,+0:53,03:50,19:59,04:21,19:28,04:50,18:59,11:54,"151,333"
505,20,05:14 ↑,18:35 ↑,13:21:09,+0:52,03:50,19:59,04:20,19:29,04:49,19:00,11:54,"151,363"
506,21,05:14 ↑,18:36 ↑,13:22:01,+0:51,03:49,20:00,04:20,19:30,04:49,19:00,11:54,"151,393"
507,22,05:13 ↑,18:36 ↑,13:22:51,+0:49,03:49,20:01,04:19,19:30,04:48,19:01,11:54,"151,422"
508,23,05:13 ↑,18:37 ↑,13:23:39,+0:48,03:48,20:01,04:19,19:31,04:48,19:01,11:55,"151,450"
509,24,05:13 ↑,18:37 ↑,13:24:26,+0:47,03:48,20:02,04:18,19:31,04:48,19:02,11:55,"151,478"
510,25,05:12 ↑,18:37 ↑,13:25:12,+0:45,03:47,20:03,04:18,19:32,04:47,19:02,11:55,"151,505"
511,26,05:12 ↑,18:38 ↑,13:25:57,+0:44,03:47,20:03,04:17,19:33,04:47,19:03,11:55,"151,531"
512,27,05:12 ↑,18:38 ↑,13:26:40,+0:43,03:46,20:04,04:17,19:33,04:47,19:03,11:55,"151,557"
513,28,05:12 ↑,18:39 ↑,13:27:22,+0:41,03:46,20:05,04:17,19:34,04:47,19:04,11:55,"151,582"
514,29,05:11 ↑,18:39 ↑,13:28:02,+0:40,03:46,20:05,04:16,19:34,04:46,19:04,11:55,"151,606"
515,30,05:11 ↑,18:40 ↑,13:28:41,+0:38,03:45,20:06,04:16,19:35,04:46,19:05,11:55,"151,631"
516,31,05:11 ↑,18:40 ↑,13:29:18,+0:37,03:45,20:06,04:16,19:35,04:46,19:05,11:55,"151,654"
517,1,05:11 ↑,18:41 ↑,13:29:54,+0:35,03:45,20:07,04:16,19:36,04:46,19:06,11:56,"151,677"
518,2,05:11 ↑,18:41 ↑,13:30:28,+0:34,03:44,20:08,04:15,19:36,04:46,19:06,11:56,"151,700"
519,3,05:11 ↑,18:42 ↑,13:31:01,+0:32,03:44,20:08,04:15,19:37,04:45,19:07,11:56,"151,722"
520,4,05:10 ↑,18:42 ↑,13:31:32,+0:31,03:44,20:09,04:15,19:37,04:45,19:07,11:56,"151,744"
521,5,05:10 ↑,18:42 ↑,13:32:01,+0:29,03:44,20:09,04:15,19:38,04:45,19:08,11:56,"151,765"
522,6,05:10 ↑,18:43 ↑,13:32:29,+0:27,03:43,20:10,04:15,19:38,04:45,19:08,11:56,"151,786"
523,7,05:10 ↑,18:43 ↑,13:32:55,+0:26,03:43,20:10,04:15,19:39,04:45,19:08,11:57,"151,807"
524,8,05:10 ↑,18:44 ↑,13:33:19,+0:24,03:43,20:11,04:15,19:39,04:45,19:09,11:57,"151,827"
525,9,05:10 ↑,18:44 ↑,13:33:42,+0:22,03:43,20:11,04:15,19:40,04:45,19:09,11:57,"151,847"
526,10,05:10 ↑,18:44 ↑,13:34:03,+0:21,03:43,20:12,04:15,19:40,04:45,19:10,11:57,"151,866"
527,11,05:10 ↑,18:45 ↑,13:34:23,+0:19,03:43,20:12,04:15,19:40,04:45,19:10,11:57,"151,884"
528,12,05:10 ↑,18:45 ↑,13:34:40,+0:17,03:43,20:13,04:15,19:41,04:45,19:10,11:58,"151,902"
529,13,05:10 ↑,18:45 ↑,13:34:56,+0:15,03:43,20:13,04:15,19:41,04:45,19:11,11:58,"151,919"
530,,"Rise
05:10
64°ENE
Meridian
11:58
180°S
Set
18:45
296°WNW
↑↓
11:58
Altitude
89°
Heading
↑179°S
Position
Day",,,,,,,,,,,
531,14,05:10 ↑,18:46 ↑,13:35:10,+0:14,03:43,20:13,04:15,19:42,04:45,19:11,11:58,"151,935"
532,15,05:11 ↑,18:46 ↑,13:35:22,+0:12,03:43,20:14,04:15,19:42,04:45,19:11,11:58,"151,951"
533,16,05:11 ↑,18:46 ↑,13:35:33,+0:10,03:43,20:14,04:15,19:42,04:45,19:12,11:58,"151,965"
534,17,05:11 ↑,18:47 ↑,13:35:42,+0:08,03:43,20:14,04:15,19:42,04:45,19:12,11:59,"151,979"
535,18,05:11 ↑,18:47 ↑,13:35:49,+0:06,03:43,20:15,04:15,19:43,04:46,19:12,11:59,"151,992"
536,19,05:11 ↑,18:47 ↑,13:35:54,+0:05,03:43,20:15,04:15,19:43,04:46,19:13,11:59,"152,004"
537,20,05:11 ↑,18:47 ↑,13:35:57,+0:03,03:44,20:15,04:15,19:43,04:46,19:13,11:59,"152,015"
538,21,05:12 ↑,18:48 ↑,13:35:59,+0:01,03:44,20:15,04:16,19:44,04:46,19:13,12:00,"152,025"
539,22,05:12 ↑,18:48 ↑,13:35:59,< 1s,03:44,20:16,04:16,19:44,04:46,19:13,12:00,"152,035"
540,23,05:12 ↑,18:48 ↑,13:35:56,−0:02,03:44,20:16,04:16,19:44,04:47,19:13,12:00,"152,043"
541,24,05:12 ↑,18:48 ↑,13:35:53,−0:03,03:44,20:16,04:16,19:44,04:47,19:14,12:00,"152,051"
542,25,05:13 ↑,18:48 ↑,13:35:47,−0:05,03:45,20:16,04:17,19:44,04:47,19:14,12:00,"152,058"
543,26,05:13 ↑,18:48 ↑,13:35:39,−0:07,03:45,20:16,04:17,19:44,04:47,19:14,12:01,"152,064"
544,27,05:13 ↑,18:49 ↑,13:35:30,−0:09,03:45,20:16,04:17,19:44,04:48,19:14,12:01,"152,070"
545,28,05:13 ↑,18:49 ↑,13:35:19,−0:11,03:46,20:16,04:18,19:45,04:48,19:14,12:01,"152,075"
546,29,05:14 ↑,18:49 ↑,13:35:06,−0:12,03:46,20:16,04:18,19:45,04:48,19:14,12:01,"152,079"
547,30,05:14 ↑,18:49 ↑,13:34:52,−0:14,03:46,20:16,04:18,19:45,04:49,19:14,12:01,"152,082"
548,1,05:14 ↑,18:49 ↑,13:34:36,−0:16,03:47,20:16,04:19,19:45,04:49,19:14,12:02,"152,085"
549,2,05:15 ↑,18:49 ↑,13:34:18,−0:18,03:47,20:16,04:19,19:45,04:49,19:14,12:02,"152,088"
550,3,05:15 ↑,18:49 ↑,13:33:58,−0:19,03:48,20:16,04:19,19:45,04:50,19:14,12:02,"152,090"
551,4,05:15 ↑,18:49 ↑,13:33:36,−0:21,03:48,20:16,04:20,19:45,04:50,19:14,12:02,"152,092"
552,5,05:16 ↑,18:49 ↑,13:33:13,−0:23,03:49,20:16,04:20,19:45,04:50,19:14,12:02,"152,093"
553,6,05:16 ↑,18:49 ↑,13:32:48,−0:24,03:49,20:16,04:21,19:44,04:51,19:14,12:03,"152,093"
554,7,05:16 ↑,18:49 ↑,13:32:22,−0:26,03:50,20:16,04:21,19:44,04:51,19:14,12:03,"152,093"
555,8,05:17 ↑,18:49 ↑,13:31:54,−0:28,03:50,20:16,04:21,19:44,04:52,19:14,12:03,"152,093"
556,9,05:17 ↑,18:49 ↑,13:31:24,−0:29,03:51,20:15,04:22,19:44,04:52,19:14,12:03,"152,092"
557,10,05:18 ↑,18:49 ↑,13:30:53,−0:31,03:51,20:15,04:22,19:44,04:52,19:14,12:03,"152,090"
558,11,05:18 ↑,18:48 ↑,13:30:20,−0:32,03:52,20:15,04:23,19:44,04:53,19:14,12:03,"152,087"
559,12,05:18 ↑,18:48 ↑,13:29:46,−0:34,03:52,20:14,04:23,19:43,04:53,19:13,12:03,"152,084"
560,13,05:19 ↑,18:48 ↑,13:29:10,−0:35,03:53,20:14,04:24,19:43,04:54,19:13,12:04,"152,080"
561,14,05:19 ↑,18:48 ↑,13:28:33,−0:37,03:53,20:14,04:24,19:43,04:54,19:13,12:04,"152,075"
562,15,05:20 ↑,18:48 ↑,13:27:54,−0:38,03:54,20:13,04:25,19:42,04:55,19:13,12:04,"152,069"
563,16,05:20 ↑,18:47 ↑,13:27:13,−0:40,03:54,20:13,04:25,19:42,04:55,19:12,12:04,"152,062"
564,17,05:21 ↑,18:47 ↑,13:26:32,−0:41,03:55,20:13,04:26,19:42,04:56,19:12,12:04,"152,055"
565,18,05:21 ↑,18:47 ↑,13:25:48,−0:43,03:56,20:12,04:26,19:41,04:56,19:12,12:04,"152,046"
566,19,05:22 ↑,18:47 ↑,13:25:04,−0:44,03:56,20:12,04:27,19:41,04:57,19:11,12:04,"152,037"
567,20,05:22 ↑,18:46 ↑,13:24:18,−0:45,03:57,20:11,04:28,19:41,04:57,19:11,12:04,"152,026"
568,21,05:22 ↑,18:46 ↑,13:23:31,−0:47,03:58,20:11,04:28,19:40,04:58,19:11,12:04,"152,015"
569,22,05:23 ↑,18:46 ↑,13:22:42,−0:48,03:58,20:10,04:29,19:40,04:58,19:10,12:04,"152,003"
570,23,05:23 ↑,18:45 ↑,13:21:53,−0:49,03:59,20:10,04:29,19:39,04:59,19:10,12:04,"151,991"
571,24,05:24 ↑,18:45 ↑,13:21:02,−0:50,03:59,20:09,04:30,19:39,04:59,19:09,12:04,"151,977"
572,25,05:24 ↑,18:44 ↑,13:20:10,−0:52,04:00,20:08,04:30,19:38,05:00,19:09,12:04,"151,963"
573,26,05:25 ↑,18:44 ↑,13:19:16,−0:53,04:01,20:08,04:31,19:38,05:00,19:08,12:04,"151,948"
574,27,05:25 ↑,18:43 ↑,13:18:22,−0:54,04:01,20:07,04:31,19:37,05:01,19:08,12:04,"151,932"
575,28,05:26 ↑,18:43 ↑,13:17:26,−0:55,04:02,20:06,04:32,19:36,05:01,19:07,12:04,"151,916"
576,29,05:26 ↑,18:43 ↑,13:16:30,−0:56,04:03,20:06,04:33,19:36,05:02,19:07,12:04,"151,899"
577,30,05:26 ↑,18:42 ↑,13:15:32,−0:57,04:03,20:05,04:33,19:35,05:02,19:06,12:04,"151,881"
578,31,05:27 ↑,18:41 ↑,13:14:33,−0:58,04:04,20:04,04:34,19:35,05:03,19:06,12:04,"151,864"
579,1,05:27 ↑,18:41 ↑,13:13:34,−0:59,04:04,20:04,04:34,19:34,05:03,19:05,12:04,"151,845"
580,2,05:28 ↑,18:40 ↑,13:12:33,−1:00,04:05,20:03,04:35,19:33,05:04,19:05,12:04,"151,827"
581,3,05:28 ↑,18:40 ↑,13:11:31,−1:01,04:06,20:02,04:35,19:33,05:04,19:04,12:04,"151,808"
582,4,05:29 ↑,18:39 ↑,13:10:29,−1:02,04:06,20:01,04:36,19:32,05:04,19:03,12:04,"151,788"
583,5,05:29 ↑,18:39 ↑,13:09:26,−1:03,04:07,20:00,04:36,19:31,05:05,19:03,12:04,"151,768"
584,6,05:29 ↑,18:38 ↑,13:08:21,−1:04,04:08,20:00,04:37,19:30,05:05,19:02,12:04,"151,748"
585,7,05:30 ↑,18:37 ↑,13:07:16,−1:05,04:08,19:59,04:37,19:30,05:06,19:01,12:04,"151,727"
586,8,05:30 ↑,18:37 ↑,13:06:10,−1:05,04:09,19:58,04:38,19:29,05:06,19:00,12:04,"151,705"
587,9,05:31 ↑,18:36 ↑,13:05:04,−1:06,04:10,19:57,04:39,19:28,05:07,19:00,12:03,"151,683"
588,10,05:31 ↑,18:35 ↑,13:03:56,−1:07,04:10,19:56,04:39,19:27,05:07,18:59,12:03,"151,660"
589,11,05:32 ↑,18:34 ↑,13:02:48,−1:08,04:11,19:55,04:40,19:26,05:08,18:58,12:03,"151,637"
590,12,05:32 ↑,18:34 ↑,13:01:39,−1:08,04:11,19:54,04:40,19:25,05:08,18:57,12:03,"151,613"
591,13,05:32 ↑,18:33 ↑,13:00:29,−1:09,04:12,19:53,04:41,19:25,05:09,18:57,12:03,"151,588"
592,14,05:33 ↑,18:32 ↑,12:59:19,−1:10,04:13,19:52,04:41,19:24,05:09,18:56,12:03,"151,562"
593,15,05:33 ↑,18:31 ↑,12:58:08,−1:10,04:13,19:51,04:42,19:23,05:10,18:55,12:02,"151,536"
594,16,05:34 ↑,18:31 ↑,12:56:57,−1:11,04:14,19:50,04:42,19:22,05:10,18:54,12:02,"151,509"
595,17,05:34 ↑,18:30 ↑,12:55:45,−1:12,04:14,19:49,04:43,19:21,05:10,18:53,12:02,"151,481"
596,18,05:34 ↑,18:29 ↑,12:54:32,−1:12,04:15,19:48,04:43,19:20,05:11,18:52,12:02,"151,452"
597,19,05:35 ↑,18:28 ↑,12:53:19,−1:13,04:15,19:47,04:44,19:19,05:11,18:52,12:02,"151,423"
598,20,05:35 ↑,18:27 ↑,12:52:05,−1:13,04:16,19:46,04:44,19:18,05:12,18:51,12:01,"151,393"
599,21,05:36 ↑,18:26 ↑,12:50:51,−1:14,04:17,19:45,04:45,19:17,05:12,18:50,12:01,"151,362"
600,22,05:36 ↑,18:26 ↑,12:49:36,−1:14,04:17,19:44,04:45,19:16,05:13,18:49,12:01,"151,331"
601,23,05:36 ↑,18:25 ↑,12:48:21,−1:15,04:18,19:43,04:46,19:15,05:13,18:48,12:01,"151,299"
602,24,05:37 ↑,18:24 ↑,12:47:05,−1:15,04:18,19:42,04:46,19:14,05:13,18:47,12:00,"151,267"
603,25,05:37 ↑,18:23 ↑,12:45:49,−1:16,04:19,19:41,04:46,19:13,05:14,18:46,12:00,"151,234"
604,26,05:37 ↑,18:22 ↑,12:44:32,−1:16,04:19,19:40,04:47,19:12,05:14,18:45,12:00,"151,201"
605,27,05:38 ↑,18:21 ↑,12:43:15,−1:16,04:20,19:39,04:47,19:11,05:15,18:44,12:00,"151,167"
606,28,05:38 ↑,18:20 ↑,12:41:58,−1:17,04:20,19:38,04:48,19:10,05:15,18:43,11:59,"151,133"
607,29,05:38 ↑,18:19 ↑,12:40:41,−1:17,04:21,19:37,04:48,19:09,05:15,18:42,11:59,"151,098"
608,30,05:39 ↑,18:18 ↑,12:39:23,−1:17,04:21,19:36,04:49,19:08,05:16,18:41,11:59,"151,064"
609,31,05:39 ↑,18:17 ↑,12:38:04,−1:18,04:22,19:35,04:49,19:07,05:16,18:40,11:58,"151,029"
610,1,05:39 ↑,18:16 ↑,12:36:46,−1:18,04:22,19:33,04:50,19:06,05:16,18:39,11:58,"150,994"
611,2,05:40 ↑,18:15 ↑,12:35:27,−1:18,04:23,19:32,04:50,19:05,05:17,18:38,11:58,"150,959"
612,3,05:40 ↑,18:14 ↑,12:34:08,−1:19,04:23,19:31,04:50,19:04,05:17,18:37,11:57,"150,924"
613,4,05:40 ↑,18:13 ↑,12:32:49,−1:19,04:24,19:30,04:51,19:03,05:18,18:36,11:57,"150,888"
614,5,05:41 ↑,18:12 ↑,12:31:29,−1:19,04:24,19:29,04:51,19:02,05:18,18:35,11:57,"150,852"
615,6,05:41 ↑,18:11 ↑,12:30:09,−1:19,04:24,19:28,04:52,19:01,05:18,18:34,11:56,"150,816"
616,7,05:41 ↑,18:10 ↑,12:28:49,−1:20,04:25,19:27,04:52,19:00,05:19,18:33,11:56,"150,780"
617,8,05:42 ↑,18:09 ↑,12:27:29,−1:20,04:25,19:26,04:52,18:59,05:19,18:32,11:56,"150,743"
618,9,05:42 ↑,18:08 ↑,12:26:08,−1:20,04:26,19:24,04:53,18:58,05:19,18:31,11:55,"150,705"
619,10,05:42 ↑,18:07 ↑,12:24:47,−1:20,04:26,19:23,04:53,18:57,05:20,18:30,11:55,"150,668"
620,11,05:43 ↑,18:06 ↑,12:23:26,−1:20,04:27,19:22,04:53,18:55,05:20,18:29,11:55,"150,630"
621,12,05:43 ↑,18:05 ↑,12:22:05,−1:21,04:27,19:21,04:54,18:54,05:20,18:28,11:54,"150,591"
622,13,05:43 ↑,18:04 ↑,12:20:44,−1:21,04:27,19:20,04:54,18:53,05:21,18:27,11:54,"150,552"
623,14,05:44 ↑,18:03 ↑,12:19:23,−1:21,04:28,19:19,04:55,18:52,05:21,18:26,11:54,"150,513"
624,15,05:44 ↑,18:02 ↑,12:18:01,−1:21,04:28,19:18,04:55,18:51,05:21,18:25,11:53,"150,473"
625,16,05:44 ↑,18:01 ↑,12:16:40,−1:21,04:29,19:17,04:55,18:50,05:22,18:24,11:53,"150,432"
626,17,05:45 ↑,18:00 ↑,12:15:18,−1:21,04:29,19:16,04:56,18:49,05:22,18:23,11:53,"150,391"
627,18,05:45 ↑,17:59 ↑,12:13:56,−1:21,04:29,19:14,04:56,18:48,05:22,18:22,11:52,"150,350"
628,19,05:45 ↑,17:58 ↑,12:12:35,−1:21,04:30,19:13,04:56,18:47,05:23,18:21,11:52,"150,309"
629,20,05:46 ↑,17:57 ↑,12:11:13,−1:21,04:30,19:12,04:57,18:46,05:23,18:19,11:51,"150,267"
630,21,05:46 ↑,17:56 ↑,12:09:51,−1:21,04:31,19:11,04:57,18:45,05:23,18:18,11:51,"150,224"
631,22,05:46 ↑,17:55 ↑,12:08:29,−1:21,04:31,19:10,04:57,18:44,05:24,18:17,11:51,"150,182"
632,23,05:47 ↑,17:54 ↑,12:07:07,−1:21,04:31,19:09,04:58,18:43,05:24,18:16,11:50,"150,139"
633,24,05:47 ↑,17:53 ↑,12:05:45,−1:21,04:32,19:08,04:58,18:42,05:24,18:15,11:50,"150,096"
634,25,05:47 ↑,17:52 ↑,12:04:23,−1:21,04:32,19:07,04:58,18:41,05:25,18:14,11:50,"150,053"
635,26,05:48 ↑,17:51 ↑,12:03:01,−1:21,04:32,19:06,04:59,18:39,05:25,18:13,11:49,"150,010"
636,27,05:48 ↑,17:50 ↑,12:01:39,−1:21,04:33,19:05,04:59,18:38,05:25,18:12,11:49,"149,967"
637,28,05:48 ↑,17:49 ↑,12:00:17,−1:21,04:33,19:04,05:00,18:37,05:26,18:11,11:49,"149,924"
638,29,05:49 ↑,17:48 ↑,11:58:56,−1:21,04:34,19:03,05:00,18:36,05:26,18:10,11:48,"149,881"
639,30,05:49 ↑,17:47 ↑,11:57:34,−1:21,04:34,19:02,05:00,18:35,05:26,18:09,11:48,"149,839"
640,1,05:49 ↑,17:46 ↑,11:56:12,−1:21,04:34,19:01,05:01,18:34,05:27,18:08,11:48,"149,796"
641,2,05:50 ↑,17:45 ↑,11:54:51,−1:21,04:35,19:00,05:01,18:33,05:27,18:07,11:47,"149,754"
642,3,05:50 ↑,17:44 ↑,11:53:29,−1:21,04:35,18:59,05:01,18:32,05:28,18:06,11:47,"149,711"
643,4,05:50 ↑,17:43 ↑,11:52:08,−1:21,04:35,18:58,05:02,18:31,05:28,18:05,11:47,"149,669"
644,5,05:51 ↑,17:42 ↑,11:50:47,−1:21,04:36,18:57,05:02,18:30,05:28,18:04,11:46,"149,627"
645,6,05:51 ↑,17:41 ↑,11:49:25,−1:21,04:36,18:56,05:02,18:29,05:29,18:03,11:46,"149,585"
646,7,05:52 ↑,17:40 ↑,11:48:04,−1:21,04:36,18:55,05:03,18:29,05:29,18:02,11:46,"149,543"
647,8,05:52 ↑,17:39 ↑,11:46:44,−1:20,04:37,18:54,05:03,18:28,05:29,18:01,11:46,"149,501"
648,9,05:52 ↑,17:38 ↑,11:45:23,−1:20,04:37,18:53,05:03,18:27,05:30,18:00,11:45,"149,459"
649,10,05:53 ↑,17:37 ↑,11:44:02,−1:20,04:38,18:52,05:04,18:26,05:30,18:00,11:45,"149,416"
650,11,05:53 ↑,17:36 ↑,11:42:42,−1:20,04:38,18:51,05:04,18:25,05:30,17:59,11:45,"149,374"
651,12,05:54 ↑,17:35 ↑,11:41:22,−1:20,04:38,18:50,05:05,18:24,05:31,17:58,11:44,"149,332"
652,13,05:54 ↑,17:34 ↑,11:40:02,−1:19,04:39,18:49,05:05,18:23,05:31,17:57,11:44,"149,289"
653,14,05:54 ↑,17:33 ↑,11:38:43,−1:19,04:39,18:48,05:05,18:22,05:32,17:56,11:44,"149,247"
654,15,05:55 ↑,17:32 ↑,11:37:23,−1:19,04:40,18:48,05:06,18:21,05:32,17:55,11:44,"149,204"
655,16,05:55 ↑,17:31 ↑,11:36:04,−1:19,04:40,18:47,05:06,18:21,05:33,17:54,11:44,"149,161"
656,17,05:56 ↑,17:31 ↑,11:34:46,−1:18,04:40,18:46,05:07,18:20,05:33,17:53,11:43,"149,118"
657,18,05:56 ↑,17:30 ↑,11:33:27,−1:18,04:41,18:45,05:07,18:19,05:33,17:53,11:43,"149,076"
658,19,05:57 ↑,17:29 ↑,11:32:09,−1:18,04:41,18:44,05:07,18:18,05:34,17:52,11:43,"149,033"
659,20,05:57 ↑,17:28 ↑,11:30:51,−1:17,04:42,18:44,05:08,18:17,05:34,17:51,11:43,"148,990"
660,21,05:58 ↑,17:27 ↑,11:29:34,−1:17,04:42,18:43,05:08,18:17,05:35,17:50,11:43,"148,947"
661,22,05:58 ↑,17:26 ↑,11:28:17,−1:16,04:42,18:42,05:09,18:16,05:35,17:49,11:42,"148,904"
662,23,05:59 ↑,17:26 ↑,11:27:00,−1:16,04:43,18:41,05:09,18:15,05:36,17:49,11:42,"148,862"
663,24,05:59 ↑,17:25 ↑,11:25:44,−1:16,04:43,18:41,05:10,18:14,05:36,17:48,11:42,"148,820"
664,25,06:00 ↑,17:24 ↑,11:24:29,−1:15,04:44,18:40,05:10,18:14,05:37,17:47,11:42,"148,778"
665,26,06:00 ↑,17:23 ↑,11:23:14,−1:15,04:44,18:39,05:10,18:13,05:37,17:46,11:42,"148,737"
666,27,06:01 ↑,17:23 ↑,11:21:59,−1:14,04:44,18:39,05:11,18:12,05:38,17:46,11:42,"148,696"
667,28,06:01 ↑,17:22 ↑,11:20:45,−1:14,04:45,18:38,05:11,18:12,05:38,17:45,11:42,"148,655"
668,29,06:02 ↑,17:21 ↑,11:19:32,−1:13,04:45,18:38,05:12,18:11,05:39,17:44,11:42,"148,615"
669,30,06:02 ↑,17:21 ↑,11:18:19,−1:12,04:46,18:37,05:12,18:10,05:39,17:44,11:42,"148,575"
670,31,06:03 ↑,17:20 ↑,11:17:06,−1:12,04:46,18:36,05:13,18:10,05:40,17:43,11:41,"148,536"
671,1,06:03 ↑,17:19 ↑,11:15:55,−1:11,04:47,18:36,05:13,18:09,05:40,17:43,11:41,"148,498"
672,2,06:04 ↑,17:19 ↑,11:14:43,−1:11,04:47,18:35,05:14,18:09,05:41,17:42,11:41,"148,460"
673,3,06:04 ↑,17:18 ↑,11:13:33,−1:10,04:48,18:35,05:14,18:08,05:41,17:41,11:41,"148,422"
674,4,06:05 ↑,17:17 ↑,11:12:23,−1:09,04:48,18:34,05:15,18:08,05:42,17:41,11:41,"148,385"
675,5,06:06 ↑,17:17 ↑,11:11:14,−1:08,04:49,18:34,05:15,18:07,05:42,17:40,11:41,"148,348"
676,6,06:06 ↑,17:16 ↑,11:10:06,−1:08,04:49,18:34,05:16,18:07,05:43,17:40,11:41,"148,312"
677,7,06:07 ↑,17:16 ↑,11:08:59,−1:07,04:50,18:33,05:16,18:06,05:43,17:39,11:41,"148,276"
678,8,06:07 ↑,17:15 ↑,11:07:52,−1:06,04:50,18:33,05:17,18:06,05:44,17:39,11:42,"148,240"
679,9,06:08 ↑,17:15 ↑,11:06:46,−1:05,04:51,18:32,05:17,18:06,05:45,17:38,11:42,"148,205"
680,10,06:09 ↑,17:14 ↑,11:05:41,−1:04,04:51,18:32,05:18,18:05,05:45,17:38,11:42,"148,169"
681,11,06:09 ↑,17:14 ↑,11:04:37,−1:04,04:52,18:32,05:19,18:05,05:46,17:38,11:42,"148,134"
682,12,06:10 ↑,17:14 ↑,11:03:34,−1:03,04:52,18:31,05:19,18:04,05:46,17:37,11:42,"148,100"
683,13,06:11 ↑,17:13 ↑,11:02:32,−1:02,04:53,18:31,05:20,18:04,05:47,17:37,11:42,"148,065"
684,14,06:11 ↑,17:13 ↑,11:01:31,−1:01,04:53,18:31,05:20,18:04,05:48,17:37,11:42,"148,031"
685,15,06:12 ↑,17:12 ↑,11:00:31,−1:00,04:54,18:31,05:21,18:04,05:48,17:36,11:42,"147,997"
686,16,06:13 ↑,17:12 ↑,10:59:32,−0:58,04:54,18:30,05:21,18:03,05:49,17:36,11:43,"147,964"
687,17,06:13 ↑,17:12 ↑,10:58:34,−0:57,04:55,18:30,05:22,18:03,05:49,17:36,11:43,"147,931"
688,18,06:14 ↑,17:12 ↑,10:57:37,−0:56,04:56,18:30,05:23,18:03,05:50,17:36,11:43,"147,898"
689,19,06:15 ↑,17:11 ↑,10:56:42,−0:55,04:56,18:30,05:23,18:03,05:51,17:35,11:43,"147,865"
690,20,06:15 ↑,17:11 ↑,10:55:48,−0:54,04:57,18:30,05:24,18:03,05:51,17:35,11:43,"147,833"
691,21,06:16 ↑,17:11 ↑,10:54:54,−0:53,04:57,18:30,05:24,18:03,05:52,17:35,11:44,"147,802"
692,22,06:17 ↑,17:11 ↑,10:54:03,−0:51,04:58,18:30,05:25,18:02,05:53,17:35,11:44,"147,771"
693,23,06:17 ↑,17:11 ↑,10:53:12,−0:50,04:58,18:30,05:26,18:02,05:53,17:35,11:44,"147,740"
694,24,06:18 ↑,17:10 ↑,10:52:23,−0:49,04:59,18:30,05:26,18:02,05:54,17:35,11:44,"147,711"
695,25,06:19 ↑,17:10 ↑,10:51:35,−0:47,05:00,18:30,05:27,18:02,05:55,17:35,11:45,"147,682"
696,26,06:19 ↑,17:10 ↑,10:50:49,−0:46,05:00,18:30,05:28,18:02,05:55,17:35,11:45,"147,654"
697,27,06:20 ↑,17:10 ↑,10:50:04,−0:44,05:01,18:30,05:28,18:02,05:56,17:35,11:45,"147,626"
698,28,06:21 ↑,17:10 ↑,10:49:20,−0:43,05:01,18:30,05:29,18:02,05:57,17:35,11:46,"147,600"
699,29,06:22 ↑,17:10 ↑,10:48:38,−0:41,05:02,18:30,05:29,18:02,05:57,17:35,11:46,"147,574"
700,30,06:22 ↑,17:10 ↑,10:47:58,−0:40,05:03,18:30,05:30,18:02,05:58,17:35,11:46,"147,549"
701,1,06:23 ↑,17:10 ↑,10:47:19,−0:38,05:03,18:30,05:31,18:03,05:59,17:35,11:47,"147,525"
702,2,06:24 ↑,17:10 ↑,10:46:42,−0:37,05:04,18:30,05:31,18:03,05:59,17:35,11:47,"147,502"
703,3,06:24 ↑,17:10 ↑,10:46:06,−0:35,05:04,18:30,05:32,18:03,06:00,17:35,11:47,"147,479"
704,4,06:25 ↑,17:11 ↑,10:45:32,−0:34,05:05,18:31,05:33,18:03,06:01,17:35,11:48,"147,457"
705,5,06:26 ↑,17:11 ↑,10:45:00,−0:32,05:06,18:31,05:33,18:03,06:01,17:35,11:48,"147,436"
706,6,06:26 ↑,17:11 ↑,10:44:29,−0:30,05:06,18:31,05:34,18:03,06:02,17:35,11:49,"147,416"
707,7,06:27 ↑,17:11 ↑,10:44:00,−0:28,05:07,18:31,05:34,18:04,06:02,17:36,11:49,"147,396"
708,8,06:28 ↑,17:11 ↑,10:43:33,−0:27,05:07,18:32,05:35,18:04,06:03,17:36,11:49,"147,376"
709,9,06:28 ↑,17:11 ↑,10:43:07,−0:25,05:08,18:32,05:36,18:04,06:04,17:36,11:50,"147,358"
710,10,06:29 ↑,17:12 ↑,10:42:44,−0:23,05:09,18:32,05:36,18:04,06:04,17:36,11:50,"147,339"
711,11,06:30 ↑,17:12 ↑,10:42:22,−0:21,05:09,18:32,05:37,18:05,06:05,17:37,11:51,"147,322"
712,12,06:30 ↑,17:12 ↑,10:42:02,−0:19,05:10,18:33,05:37,18:05,06:06,17:37,11:51,"147,304"
713,13,06:31 ↑,17:13 ↑,10:41:44,−0:18,05:10,18:33,05:38,18:05,06:06,17:37,11:52,"147,288"
714,14,06:31 ↑,17:13 ↑,10:41:28,−0:16,05:11,18:34,05:39,18:06,06:07,17:38,11:52,"147,271"
715,15,06:32 ↑,17:13 ↑,10:41:14,−0:14,05:11,18:34,05:39,18:06,06:07,17:38,11:53,"147,256"
716,16,06:33 ↑,17:14 ↑,10:41:01,−0:12,05:12,18:34,05:40,18:07,06:08,17:38,11:53,"147,241"
717,17,06:33 ↑,17:14 ↑,10:40:51,−0:10,05:13,18:35,05:40,18:07,06:09,17:39,11:54,"147,226"
718,18,06:34 ↑,17:15 ↑,10:40:42,−0:08,05:13,18:35,05:41,18:07,06:09,17:39,11:54,"147,212"
719,19,06:34 ↑,17:15 ↑,10:40:36,−0:06,05:14,18:36,05:41,18:08,06:10,17:40,11:55,"147,198"
720,20,06:35 ↑,17:15 ↑,10:40:31,−0:04,05:14,18:36,05:42,18:08,06:10,17:40,11:55,"147,186"
721,21,06:35 ↑,17:16 ↑,10:40:28,−0:02,05:15,18:37,05:42,18:09,06:11,17:41,11:56,"147,174"
722,22,06:36 ↑,17:16 ↑,10:40:28,< 1s,05:15,18:37,05:43,18:09,06:11,17:41,11:56,"147,163"
723,23,06:36 ↑,17:17 ↑,10:40:29,+0:01,05:16,18:38,05:43,18:10,06:12,17:42,11:57,"147,152"
724,24,06:37 ↑,17:17 ↑,10:40:32,+0:03,05:16,18:38,05:44,18:10,06:12,17:42,11:57,"147,143"
725,25,06:37 ↑,17:18 ↑,10:40:37,+0:05,05:17,18:39,05:44,18:11,06:13,17:43,11:58,"147,135"
726,26,06:38 ↑,17:19 ↑,10:40:44,+0:07,05:17,18:39,05:45,18:11,06:13,17:43,11:58,"147,127"
727,27,06:38 ↑,17:19 ↑,10:40:53,+0:08,05:17,18:40,05:45,18:12,06:13,17:44,11:59,"147,121"
728,28,06:39 ↑,17:20 ↑,10:41:04,+0:10,05:18,18:40,05:46,18:13,06:14,17:44,11:59,"147,115"
729,29,06:39 ↑,17:20 ↑,10:41:17,+0:12,05:18,18:41,05:46,18:13,06:14,17:45,12:00,"147,110"
730,30,06:39 ↑,17:21 ↑,10:41:32,+0:14,05:19,18:42,05:46,18:14,06:15,17:46,12:00,"147,107"
731,31,06:40 ↑,17:22 ↑,10:41:48,+0:16,05:19,18:42,05:47,18:14,06:15,17:46,12:01,"147,104"
